16.189,14.711,16.862,16.832,15.26,15.905,15.899,15.898,16.921,16.358,15.469,16.185,16.352,16.354,15.201,12.379,13.338,13.346,13.343,12.85,13.069,13.903,13.341,13.885,13.542,16.818,16.353,17.176,13.341,17.768,13.54,13.84,16.352,16.355,17.055,16.822,16.572,16.858,16.829,16.828,17.065,16.583,16.183,13.906,17.17,16.551,16.334,16.077,16.184,16.185,16.862,15.39,16.185,15.589,16.079,16.036,16.288,16.588,15.591,15.748,16.285,17.354,16.083,16.288,16.55,16.356,16.831,15.39,17.174,16.288,16.83,14.241,13.538,13.328,15.12,13.27,13.852,13.522,14.223,16.784,14.246,16.044,15.59,16.551,16.828,16.079,15.86,16.08,16.07,15.592,16.356,13.348,13.068,13.849,12.209,16.574,16.182,15.862,16.583,16.185,16.584,16.072,16.943,15.388,16.918,16.811,15.899,12.206,16.191,15.223,16.828,17.257,16.859,16.857,16.183,16.55,16.859,13.331,16.357,13.344,14.747,15.893,16.584,16.294,16.338,13.327,14.35,14.245,13.848,14.355,14.503,17.176,17.491,16.551,16.861,17.438,13.847,14.299,16.947,16.58,16.045,16.825,16.353,16.183,16.578,15.218,15.589,16.352,16.583,16.583,15.878,12.373,16.352,15.386,15.862,15.751,15.082,15.386,14.762,16.112,16.187,14.714,12.844,15.078,13.334,12.37,12.855,15.466,11.748,11.748,15.255,14.757,15.745,15.894,15.749,14.511,16.082,12.376,15.899,13.067,15.217,15.743,15.261,16.583,16.285,15.469,16.287,15.467,15.127,15.746,15.469,16.185,15.862,15.898,16.079,16.184,15.898,15.861,13.846,15.898,12.208,12.379,12.208,15.857,12.379,12.189,15.897,12.211,16.165,11.75,15.751,16.023,16.076,14.511,16.353,11.345,15.746,15.265,15.258,14.246,15.387,15.465,15.086,16.184,16.358,14.513,15.389,14.358,15.128,15.13,15.467,15.473,15.088,15.59,15.261,15.388,16.186,15.9,16.553,16.945,17.06,16.861,17.256,17.247,16.86,16.825,16.83,15.976,16.184,16.858,16.584,16.552,16.184,13.069,15.895,13.346,13.787,15.9,15.084,13.847,14.348,13.539,17.256,16.947,15.86,16.08,17.494,17.307,15.751,16.33,16.859,12.851,17.249,16.919,16.056,16.079,16.339,16.835,16.828,17.593,16.946,16.828,17.257,16.89,17.52,16.543,16.827,17.495,16.83,14.508,16.812,17.062,16.183,17.175,16.082,15.858,16.551,15.858,12.453,16.583
17.524,15.217,17.523,18.603,18.334,18.101,17.794,18.66,18.229,17.523,17.887,17.311,17.361,17.791,16.845,15.219,14.503,13.791,15.745,14.354,15.128,15.211,15.587,15.193,15.26,18.214,18.811,18.072,15.212,18.269,16.079,15.119,18.754,19.108,18.326,18.389,18.215,18.888,19.107,18.813,18.141,18.814,18.092,16.183,18.809,18.66,18.639,18.158,18.737,18.226,17.599,18.098,17.888,17.519,18.333,17.88,17.52,18.274,18.095,17.366,17.517,18.323,17.723,18.334,18.225,17.721,18.602,17.892,18.333,18.396,17.769,15.253,16.041,16.063,17.356,15.582,15.9,15.841,15.104,18.085,15.746,18.333,17.768,17.52,17.886,18.138,17.888,18.479,18.65,17.889,17.888,14.513,15.468,15.216,14.513,17.511,17.517,17.889,18.139,17.888,17.365,18.326,18.655,17.598,18.907,17.75,17.889,15.217,18.167,17.895,19.194,18.396,18.269,18.224,18.658,17.719,18.16,15.846,17.889,15.589,15.735,17.515,17.521,18.403,18.054,16.167,16.181,15.896,16.043,16.08,17.514,18.27,18.81,17.792,18.398,19.392,16.353,16.183,18.226,18.754,18.096,18.733,18.069,18.331,19.031,17.497,17.256,17.884,18.814,17.887,18.25,13.846,17.884,18.16,16.081,16.834,17.362,17.596,17.524,17.815,17.795,17.368,14.703,17.763,14.499,15.078,14.359,17.492,14.51,15.128,17.716,16.828,16.581,17.491,18.272,17.176,16.921,14.71,16.831,14.508,16.92,18.393,17.598,17.364,17.517,17.175,18.07,17.518,16.354,17.52,17.364,17.768,17.522,17.769,17.596,18.225,18.479,17.597,15.213,17.365,14.357,15.219,14.512,17.516,13.792,13.328,16.551,14.359,17.5,14.513,16.952,17.474,17.059,16.861,17.362,13.79,16.947,17.526,16.829,16.355,16.186,17.059,16.29,16.829,17.523,16.586,16.187,16.084,17.311,17.366,17.256,16.587,17.499,17.887,17.522,16.861,17.597,17.497,18.271,18.657,18.735,17.795,19.823,18.88,18.757,19.19,18.072,17.286,18.813,18.225,17.521,18.738,17.596,15.898,18.267,15.26,16.353,18.096,16.288,16.549,15.854,16.581,19.314,18.333,17.595,18.48,18.737,18.885,18.231,18.201,18.225,15.129,18.388,18.814,18.733,17.719,18.144,18.202,18.813,18.905,18.869,18.888,19.593,19.287,19.561,18.652,18.812,18.27,19.108,16.353,18.721,18.756,18.394,18.814,18.228,18.331,19.107,17.886,14.504,18.889
17.368,15.899,17.599,17.26,16.356,16.59,15.899,17.364,16.921,17.795,16.079,16.83,16.944,17.519,15.846,13.792,13.338,15.47,15.126,15.216,14.51,16.18,15.08,15.838,15.084,17.876,17.518,17.888,16.076,17.887,15.385,15.738,16.826,17.175,18.064,18.086,17.585,17.519,17.768,18.332,18.163,17.596,17.718,16.183,18.155,17.888,17.499,17.06,17.494,16.829,16.832,15.864,17.257,15.896,16.918,17.249,16.859,17.369,16.186,16.553,17.06,18.084,16.863,16.86,17.363,17.597,17.496,16.189,17.768,17.495,17.52,16.074,15.384,15.242,16.177,15.582,15.218,15.879,15.723,17.444,16.288,16.583,16.551,16.551,17.519,16.829,16.948,16.355,16.85,15.592,16.185,13.911,14.246,15.387,13.544,16.82,16.352,16.357,16.8,16.8,16.83,16.852,17.787,16.081,17.062,17.044,16.553,14.355,17.501,16.192,17.494,17.792,17.52,17.518,17.173,16.917,18.226,15.455,16.831,14.757,16.344,16.943,17.597,17.181,17.347,15.369,16.579,16.183,15.385,16.044,16.349,18.397,18.656,17.174,17.366,18.082,16.286,16.353,18.226,17.594,16.861,18.067,17.309,17.173,17.592,16.187,16.858,17.491,16.829,16.583,16.336,14.755,16.352,16.079,16.081,17.797,15.126,15.59,15.263,16.479,16.358,15.22,14.504,15.078,15.579,14.504,14.359,15.857,13.541,13.069,15.857,15.257,16.354,15.586,15.749,15.47,16.921,13.849,16.289,15.214,15.388,16.548,14.76,16.288,16.944,16.583,16.55,15.214,16.183,15.86,15.746,16.185,16.081,16.583,16.583,17.061,16.185,16.185,15.256,16.356,13.852,13.793,13.851,16.076,14.513,13.261,16.185,13.546,16.335,13.911,15.594,16.165,15.857,15.47,16.581,13.79,16.184,15.265,15.385,14.51,15.591,15.256,15.131,16.355,16.802,14.249,15.218,15.263,15.898,15.471,15.258,16.189,15.594,16.947,15.592,16.186,16.045,16.187,16.831,17.518,17.79,17.889,18.268,18.387,17.521,17.516,17.495,16.71,17.256,18.268,17.258,16.948,17.494,15.084,17.362,14.759,15.466,16.585,16.288,16.183,16.545,15.467,17.519,18.478,16.918,17.064,18.225,17.883,16.36,17.571,18.225,14.711,18.218,18.333,17.039,17.256,18.144,17.864,17.493,18.597,18.332,18.869,18.6,18.451,18.396,17.879,18.477,18.27,18.334,16.581,18.379,17.887,17.309,17.52,16.358,16.798,16.859,16.353,15.078,17.174
13.073,12.852,13.544,14.357,13.85,13.352,13.85,14.247,13.852,12.208,13.345,11.748,13.342,14.245,13.775,12.379,12.198,12.46,11.746,10.898,13.345,12.453,12.202,13.322,13.79,12.838,14.507,13.909,13.537,14.758,13.344,12.841,14.351,13.908,14.502,13.841,13.53,13.907,14.509,14.509,14.513,14.354,14.352,13.847,15.585,14.354,14.226,13.538,14.757,13.908,13.544,13.073,12.85,13.344,12.85,12.842,12.459,13.074,12.851,11.75,13.342,13.531,13.348,13.278,13.907,13.541,13.851,13.349,13.848,13.849,13.069,12.2,13.538,12.442,12.842,12.842,13.072,13.889,12.352,13.269,13.069,13.345,13.345,12.376,13.343,13.345,13.069,13.345,12.367,12.852,12.459,11.239,11.235,12.459,10.901,12.196,12.373,12.207,12.459,13.278,12.376,13.782,13.784,13.347,13.344,13.259,13.071,12.459,13.547,13.076,14.757,13.908,15.083,13.343,13.067,12.205,14.246,12.362,12.378,13.907,12.839,13.064,13.85,13.856,13.052,13.327,13.341,13.343,13.54,13.542,14.503,14.759,15.079,14.758,13.791,15.33,14.245,14.245,14.709,13.847,13.071,14.242,14.707,14.508,15.254,13.347,13.344,13.846,14.301,13.541,12.831,10.895,12.373,12.118,11.238,13.074,12.374,12.376,12.21,12.303,11.75,12.38,12.37,12.37,11.737,13.339,11.241,12.847,10.779,12.85,12.202,12.457,12.204,12.114,13.071,11.238,11.239,11.748,12.207,12.204,11.749,12.847,12.852,11.344,12.847,13.541,12.457,12.204,10.777,13.541,12.376,12.85,12.852,12.206,13.345,12.849,13.345,13.908,13.342,12.376,11.346,12.209,11.346,10.894,11.346,10.762,11.236,9.8451,13.325,10.533,12.463,12.185,12.372,12.377,12.457,9.1962,11.747,12.212,12.205,10.53,12.377,12.455,10.533,12.85,12.208,11.751,10.27,12.122,13.345,11.75,12.116,12.122,12.21,13.069,12.852,12.377,13.346,12.207,13.791,14.352,15.081,14.249,15.127,14.5,13.849,14.505,13.541,12.25,14.246,13.848,13.346,14.511,12.458,13.278,14.244,13.07,14.244,13.347,13.345,13.343,13.783,13.906,14.757,14.353,13.54,13.346,14.509,14.506,13.913,13.32,13.848,13.542,13.9,14.71,15.445,14.246,14.742,14.486,15.214,15.743,15.257,15.384,16.288,16.523,16.829,15.582,15.081,15.084,15.387,15.081,14.741,15.083,14.244,14.758,13.851,14.508,14.51,14.245,12.844,14.51
6.3589,7.5218,6.3579,5.2184,4.7594,6.3622,2.2067,7.7686,9.3681,5.2185,2.2055,8.2261,5.2126,7.2557,5.2012,6.358,2.1983,5.2172,7.767,8.2262,2.2056,7.5151,6.3517,6.3326,5.2165,9.1835,7.2543,6.356,6.3516,9.1949,5.2151,8.2175,5.2124,5.2159,7.7608,7.5124,6.3443,7.5193,6.3547,5.2148,8.2288,9.3652,7.255,9.8379,6.3501,9.3657,7.2359,5.2132,4.7572,6.3552,5.2185,2.2096,5.216,-1.7752,7.2569,7.5127,5.2158,7.7732,1.2376,4.76,1.2335,7.5101,4.2499,7.5207,7.5195,5.2163,7.5218,2.2097,8.2253,5.2158,8.2262,8.2204,1.2339,7.5037,4.7503,8.2182,6.3578,4.2278,6.3316,7.4445,6.355,1.2363,2.2054,4.2468,5.2143,4.7582,8.2262,7.2572,5.2065,5.2174,4.2473,6.3583,6.3541,5.2163,2.2085,2.1962,2.2025,4.7597,5.2161,2.206,6.3558,5.2087,6.3501,2.2075,7.5194,5.1975,5.2174,2.2063,7.5267,2.2128,2.2044,7.5199,8.2258,7.5182,6.3533,4.7573,7.7682,6.3411,6.3572,4.2459,7.5089,4.2417,6.3559,8.2326,7.5032,2.188,6.3516,9.1932,2.2045,7.5211,7.7619,9.196,10.263,7.5199,9.1972,7.464,8.2239,10.265,9.8394,8.2236,8.2278,7.2522,5.2136,10.265,7.5156,5.2179,7.7677,5.2125,4.2466,5.2156,2.186,4.7553,4.7549,6.355,2.2069,5.2205,2.2037,4.758,4.2509,7.1844,6.3575,5.2198,4.2405,7.5147,6.3443,2.1999,6.36,2.2026,6.3552,2.2054,5.2121,1.2348,5.2143,-1.7775,4.7605,4.248,5.2184,2.2053,6.3567,-1.7757,2.2069,4.2433,1.238,6.3554,7.7653,2.2057,4.2455,1.2344,9.1938,4.2465,5.2157,5.2155,4.7599,5.216,-1.774,8.2248,1.2363,8.2263,-1.7767,2.2058,-1.7711,1.2398,2.2078,7.5165,5.2185,-1.7906,5.2156,5.2211,4.2266,5.2183,2.2098,6.335,6.3515,1.2376,2.2037,6.3562,-1.7744,5.2218,1.2357,5.2155,4.2478,2.2021,2.208,2.2051,5.2181,-4.7816,2.208,-1.7696,4.7581,-1.772,-1.7754,5.2199,1.2404,6.355,2.2071,7.77,1.2376,6.3572,6.3569,6.3529,9.8375,9.1971,6.3538,10.258,8.2265,4.7535,7.5205,4.0382,4.7573,9.1944,7.7692,8.2267,8.2256,5.2159,8.2236,4.2474,5.2134,7.5227,8.2266,8.2239,7.5141,6.3529,7.2559,8.2253,4.2459,8.2269,8.2251,5.2117,4.2511,7.4952,9.1945,4.759,9.1869,10.267,7.7449,9.1945,11.327,10.874,8.2245,12.455,10.777,12.457,11.343,10.239,11.236,7.5122,11.341,10.78,10.898,9.193,10.513,9.1947,8.2237,7.5201,5.2181,5.2139,5.2158,4.2448,6.3494,8.2257
8.2298,6.3568,8.2288,4.7608,4.7594,2.2125,2.2067,2.2055,4.7608,6.3579,5.2158,7.7686,8.2229,6.3539,4.2321,2.2083,1.2292,6.3567,2.2039,2.2056,-4.7841,6.35,2.202,2.1828,-4.7835,5.2041,-1.7766,5.2165,5.2122,6.3549,2.2048,6.3466,4.2433,2.2056,4.7505,2.1976,5.2048,4.7572,2.205,7.256,4.7609,2.2051,2.2035,2.2036,1.2313,-1.7738,4.2256,4.7556,1.2354,7.7685,9.3682,1.2405,7.2572,4.2454,7.2569,7.2494,8.2261,7.7732,8.2273,6.357,7.2541,9.8296,6.3585,5.2162,6.3544,7.7691,8.2276,5.22,8.2253,4.2467,5.2159,6.3495,5.2133,4.2301,4.2388,7.5124,8.2286,5.1969,7.7449,5.14,9.1949,6.3551,8.226,9.1953,9.1937,9.3655,8.2262,7.5205,5.2065,9.1968,7.5209,6.3583,8.225,9.8402,7.5233,9.3562,9.8368,9.1967,7.5206,7.2575,9.1958,6.3482,9.8347,4.2487,5.2149,7.502,7.2586,2.2063,8.2325,1.2437,6.3542,5.2154,-1.7742,6.3532,-1.7758,5.2149,1.2361,5.2017,4.2487,1.2356,2.1942,5.2108,5.2164,2.212,6.3381,-1.7914,5.2122,2.2035,1.2354,1.2372,-4.7908,2.2063,-4.7882,-4.7846,2.2075,2.1492,-4.7864,2.2034,2.2051,2.203,5.2175,5.211,-1.7761,1.2342,2.2008,-4.7821,1.2355,5.2125,5.2157,7.2568,4.2272,6.3523,5.2125,8.2259,7.5217,8.2308,4.2449,6.355,7.5245,7.1844,7.7708,7.5243,9.189,7.2514,8.2152,4.7526,4.763,6.3523,4.2467,-1.774,6.3515,4.7567,6.3537,5.2122,6.3575,4.248,9.3681,4.2465,7.5218,7.5185,2.2069,4.2433,1.238,9.1953,6.3521,6.3554,4.2455,6.3533,6.3538,5.2156,4.2466,6.355,1.238,9.1954,5.2157,6.3539,2.2054,4.2469,5.213,5.2161,1.2392,9.1986,2.2078,9.3617,8.2288,6.3385,9.195,7.5256,6.3351,6.3578,7.2613,8.2059,7.5166,5.217,7.5185,8.2271,9.1947,8.2321,9.3649,5.2155,7.5214,5.2124,7.771,7.5199,9.3678,5.2184,6.3578,7.5246,6.3551,6.3571,5.2143,6.3593,2.2095,7.2568,1.238,5.2172,5.217,4.2486,1.2381,-4.7866,1.2342,2.2074,-1.7753,5.2062,2.2059,-1.7786,4.2469,5.0073,5.2149,2.2047,5.2165,2.2061,2.205,2.2056,2.203,-4.7835,-1.7763,2.2079,6.3558,-1.7761,2.1993,-1.7762,5.2147,4.2459,1.2356,5.2166,6.3542,5.2117,2.2099,2.1804,1.2357,-1.7731,2.1972,1.2365,-4.8078,-4.7849,-1.7901,-1.7978,-1.7755,1.2332,2.2037,-4.786,4.2465,1.2084,2.2053,-1.782,-4.7865,-1.7732,-4.7836,-4.7864,1.2193,-4.7847,2.2031,-1.7741,1.2387,1.2345,-1.7739,2.2036,1.2306,2.2051
14.514,13.91,13.852,12.461,12.207,11.351,11.345,11.748,13.348,13.911,12.459,13.069,13.342,13.068,10.883,11.239,9.8325,13.346,11.746,11.236,9.3656,12.371,11.233,11.214,8.2268,12.194,11.341,12.206,12.846,13.789,12.117,13.781,13.066,12.85,13.27,12.368,13.334,14.353,12.205,13.848,13.544,12.205,11.342,12.848,10.893,11.344,12.184,12.456,11.747,13.069,14.761,10.902,13.345,11.342,13.345,13.337,13.345,15.133,12.207,12.207,13.342,15.459,12.853,12.851,13.068,13.345,14.711,12.122,15.083,11.344,12.85,13.339,13.275,12.359,11.336,13.533,13.072,11.217,13.045,13.773,14.51,12.85,12.85,13.849,13.907,13.541,14.247,13.541,12.449,13.071,12.206,12.379,13.068,15.084,12.853,14.501,13.846,13.346,13.345,13.278,13.79,13.062,15.585,11.75,13.344,14.282,13.347,9.8406,13.547,10.905,13.068,13.345,11.236,13.343,12.204,12.458,12.205,11.222,13.071,10.897,13.058,13.34,14.759,13.351,12.359,11.73,12.455,12.374,11.235,10.531,11.23,12.206,9.8357,7.7681,12.207,11.18,10.896,11.234,12.458,12.203,12.207,13.064,10.265,12.116,11.339,9.1973,10.897,12.202,13.345,12.458,12.186,12.373,11.233,13.345,12.852,12.463,11.342,11.748,12.21,13.205,13.347,12.21,14.703,11.231,13.334,12.453,12.463,12.203,11.344,12.376,13.065,10.896,12.849,12.846,13.851,12.377,14.356,11.343,13.542,12.204,10.532,13.342,11.238,13.789,13.905,13.345,12.204,12.848,12.849,11.748,12.205,12.85,12.207,12.206,12.458,12.849,11.344,13.345,10.895,12.459,9.3683,12.853,11.239,14.506,13.072,12.359,13.908,12.211,11.728,11.346,12.21,13.325,14.243,10.899,13.539,12.851,13.789,13.914,13.54,12.85,12.851,13.341,13.072,13.849,14.512,10.9,13.072,13.349,13.345,10.532,12.457,12.38,10.535,13.541,10.899,12.207,13.07,11.346,10.899,9.8374,11.341,12.207,12.457,13.335,11.237,11.743,13.069,11.909,10.897,11.343,12.459,10.898,11.236,11.748,12.456,9.3663,11.234,11.75,13.909,11.746,11.23,10.528,13.54,12.205,9.3647,12.459,13.907,12.454,11.241,12.351,12.205,10.531,11.74,11.344,9.1716,9.8391,10.514,10.507,6.3536,10.895,9.1934,9.1934,7.7684,6.3272,7.5201,4.7502,9.8374,11.344,11.748,6.3531,9.8227,9.1947,10.528,11.236,10.781,11.235,9.8398,10.529,9.834,11.748
16.863,16.357,17.367,16.832,16.831,16.59,16.186,16.288,17.26,16.358,16.079,16.583,16.58,16.55,15.454,15.086,14.503,15.388,16.286,15.259,14.247,16.35,15.743,14.331,13.79,16.818,16.182,15.217,15.383,16.583,16.184,16.851,15.894,16.8,16.348,15.461,15.849,17.519,15.468,17.256,16.832,16.551,15.467,16.286,16.18,16.355,15.195,15.587,16.184,16.355,16.95,15.263,16.8,15.589,17.495,17.88,17.063,17.499,16.861,15.471,16.182,18.323,16.554,16.8,15.746,15.898,17.496,15.594,17.792,15.747,15.747,15.253,17.06,16.566,14.502,16.177,16.187,15.45,16.559,16.843,17.52,16.948,16.551,16.551,16.581,16.829,16.83,16.551,15.888,16.831,16.185,16.082,16.582,17.311,15.593,17.165,16.796,17.312,17.063,15.591,17.175,16.852,18.066,15.218,16.582,16.841,16.801,14.355,16.836,15.223,16.858,16.355,15.59,16.916,15.082,16.184,15.469,15.455,16.585,15.385,16.174,16.074,16.948,16.836,15.729,16.167,16.548,16.183,15.215,14.511,16.823,15.47,15.382,13.344,15.862,16.743,15.214,15.257,15.86,15.588,15.471,16.18,15.081,15.858,16.351,14.512,14.353,15.256,17.063,16.355,16.165,14.755,16.076,16.583,15.217,15.088,15.082,15.746,16.084,16.846,16.187,15.594,15.21,15.21,16.277,15.38,15.751,15.125,15.469,14.758,16.181,15.257,16.078,16.076,17.177,15.47,16.832,15.128,15.862,16.183,15.388,17.361,15.217,16.583,16.826,14.51,16.55,16.549,14.353,16.185,15.898,16.551,15.592,17.175,16.185,16.078,15.86,16.948,14.755,15.469,14.712,16.951,15.218,16.915,15.472,15.452,17.063,15.595,17.291,15.471,15.39,16.927,16.826,15.387,16.183,15.748,15.897,16.954,16.355,15.746,16.289,15.587,15.471,15.897,16.832,15.218,15.9,15.088,16.948,14.512,16.078,15.864,15.22,16.551,14.512,15.388,16.186,15.085,16.081,15.213,15.858,15.471,15.859,17.165,15.59,15.742,16.583,15.382,16.078,15.86,15.216,16.08,15.258,15.259,16.353,14.511,15.213,15.13,16.552,15.081,15.21,15.384,17.519,15.468,14.353,16.186,17.363,16.825,16.189,16.33,15.86,14.511,16.28,15.259,14.486,14.509,14.742,14.686,13.276,13.905,14.708,13.906,14.51,13.317,13.069,13.061,14.352,15.084,15.216,13.787,15.881,15.083,15.858,15.386,15.388,15.257,15.469,15.214,13.535,16.185
17.772,17.522,17.523,17.599,17.721,17.603,17.597,16.948,17.771,16.188,17.063,17.52,17.593,16.582,15.732,16.554,16.178,17.522,17.519,16.583,15.898,17.489,17.171,16.56,15.861,17.245,17.06,16.83,16.796,17.52,17.792,17.588,18.09,17.72,17.487,16.347,17.353,18.332,17.792,18.225,17.89,17.494,16.857,17.362,18.655,17.175,16.164,16.827,16.798,17.495,17.367,16.359,16.83,15.215,18.396,17.513,16.799,18.762,17.176,16.585,17.172,18.727,16.833,17.495,16.184,16.83,18.228,17.179,18.225,17.175,16.859,16.913,17.766,17.58,15.461,17.487,17.723,17.345,17.497,17.419,18.094,17.364,16.829,17.52,17.595,16.829,17.364,17.311,17.355,16.831,17.175,17.066,17.595,17.769,16.082,17.355,17.06,18.073,18.072,17.521,17.721,17.513,19.085,16.29,17.887,17.774,17.722,16.08,18.34,16.955,18.225,16.859,18.226,17.594,16.549,17.494,16.829,16.934,17.497,17.256,17.585,17.058,16.948,18.078,16.842,17.579,17.307,17.493,17.062,16.552,18.39,17.063,16.04,15.386,17.177,18.277,17.362,16.916,16.947,17.518,17.794,17.883,16.916,17.518,18.392,16.081,15.258,16.076,17.768,17.72,17.701,15.256,16.076,17.596,15.899,16.864,16.353,16.859,17.067,17.184,16.832,16.863,16.179,16.824,17.758,16.913,16.19,16.945,16.583,16.355,17.517,15.588,16.581,17.517,17.523,16.584,17.26,15.898,16.186,17.061,16.045,17.171,16.187,17.596,17.172,16.948,17.256,17.362,17.886,17.52,17.887,17.887,16.553,16.583,16.829,17.595,16.918,17.495,16.827,16.356,15.749,17.796,16.95,18.09,16.586,15.844,17.52,16.556,17.5,16.358,16.189,17.043,18.09,16.186,17.173,16.356,17.174,17.526,16.829,15.897,16.86,16.352,16.358,16.355,17.89,16.188,16.586,16.587,17.792,16.357,17.595,16.189,16.292,18.226,15.862,15.862,16.861,15.388,17.064,16.353,17.492,16.92,17.886,17.878,17.521,17.49,16.919,16.651,17.062,16.829,16.356,16.919,16.184,17.495,17.362,16.552,16.827,15.9,18.48,16.916,16.823,16.827,18.332,16.582,15.86,17.495,17.767,17.716,16.952,17.15,16.355,16.186,17.166,16.919,16.02,16.043,16.063,16.161,15.588,16.182,16.286,15.859,16.079,16.157,15.897,15.461,16.183,16.186,16.552,16.183,16.338,16.355,16.077,17.175,16.585,16.917,16.355,16.353,15.253,16.829
18.4,17.722,18.662,18.603,18.334,17.727,17.721,16.583,17.89,17.723,17.52,17.063,17.517,17.519,17.242,16.554,16.792,17.312,17.718,16.551,16.83,17.715,18.223,17.77,16.8,16.848,16.827,17.721,17.593,17.596,17.768,17.588,16.915,17.769,17.513,17.512,17.877,18.87,16.859,18.737,18.074,16.918,17.594,17.767,18.884,17.063,17.699,17.518,17.062,17.52,18.336,16.555,17.72,16.582,18.269,17.357,17.72,18.338,18.227,16.081,18.223,18.898,18.075,17.311,17.719,17.793,18.739,17.892,18.659,17.888,16.83,17.489,19.446,17.504,16.575,16.543,17.599,17.869,16.895,16.872,18.908,17.257,17.887,17.364,16.828,17.596,17.175,16.551,16.85,17.522,16.356,16.358,17.719,17.888,16.802,17.511,17.517,17.721,17.793,17.793,16.83,17.488,18.655,16.95,17.363,17.157,17.496,16.86,17.371,16.363,18.907,17.72,18.226,17.255,17.362,17.31,17.768,18.255,17.889,17.887,17.509,18.089,17.495,17.894,18.316,18.076,18.068,17.493,18.395,16.86,19.029,17.495,17.592,16.355,17.889,18.833,17.885,17.718,17.364,17.79,17.77,19.361,17.718,17.79,19.19,16.861,17.062,17.593,17.887,18.16,17.577,16.077,17.491,16.829,15.862,16.556,16.183,16.043,17.179,16.787,16.187,16.952,18.653,15.855,17.709,17.763,16.19,17.492,16.079,16.185,17.253,16.354,16.354,17.765,18.662,16.045,17.771,16.859,15.899,18.092,15.592,17.059,16.187,16.919,17.254,18.094,17.493,17.886,15.745,18.094,17.495,18.659,16.553,16.919,18.396,17.493,17.72,16.08,17.517,16.948,16.358,18.741,17.065,16.944,16.046,17.046,16.583,16.293,17.237,16.802,17.369,16.809,17.517,16.831,17.791,16.552,17.062,17.894,17.52,15.59,15.387,16.548,16.082,17.174,17.771,16.188,16.832,17.601,18.396,16.861,18.07,16.803,16.952,17.175,17.366,16.553,18.335,16.831,17.77,17.885,16.857,17.522,19.088,18.65,16.83,16.795,17.52,17.584,16.947,16.079,16.86,17.495,15.86,17.793,16.857,16.83,18.069,15.863,18.738,16.916,17.514,17.255,18.268,17.595,16.354,16.948,19.035,18.885,17.797,17.038,17.887,16.552,18.471,16.859,16.559,16.918,16.813,16.895,16.946,16.076,16.549,16.917,16.583,16.523,16.918,15.208,16.581,16.08,16.356,17.061,16.168,16.947,16.183,16.355,17.367,17.518,17.364,16.828,16.824,16.355
16.833,16.861,16.832,16.95,17.176,16.362,16.584,15.59,16.832,15.262,15.216,15.469,15.587,15.258,14.339,15.219,15.379,15.47,16.078,14.51,15.898,16.854,16.826,16.529,15.387,15.735,16.182,16.356,15.586,15.86,16.582,16.574,16.076,16.185,15.739,16.072,16.174,17.767,16.582,17.494,16.832,16.829,16.077,16.581,16.854,16.185,15.238,16.077,15.589,16.829,16.358,14.714,15.59,14.245,16.551,15.12,15.86,16.864,16.289,14.302,15.895,17.484,16.188,16.948,16.184,15.747,16.92,16.834,17.52,15.386,16.185,15.892,16.827,16.063,14.502,16.822,15.593,15.197,15.566,15.052,16.799,15.386,15.216,15.216,14.508,14.51,15.86,15.084,14.749,15.748,15.469,14.513,16.354,15.216,14.357,15.074,15.125,16.186,15.898,15.898,16.356,16.348,17.882,15.218,15.897,15.368,16.585,14.247,16.836,15.266,17.256,15.259,15.86,16.183,16.353,16.947,16.185,16.537,16.553,17.363,16.344,16.854,16.186,16.925,16.062,16.842,17.253,16.581,16.354,15.861,18.219,16.356,16.181,15.59,16.831,18.213,16.916,16.581,16.288,16.549,16.585,17.515,16.857,16.827,18.655,16.553,15.589,16.182,16.829,16.918,16.165,14.507,16.076,16.079,14.355,14.251,13.539,14.354,15.473,15.011,13.91,15.902,16.179,15.585,16.068,16.179,14.359,15.857,15.259,15.386,16.547,15.214,14.508,16.181,16.832,15.26,15.9,15.083,14.511,15.859,14.76,16.182,15.471,15.861,16.182,15.59,16.078,16.353,15.745,16.185,16.829,17.311,15.471,16.044,16.185,16.184,16.355,14.51,16.182,15.216,14.513,16.359,14.356,15.743,14.357,14.493,15.469,14.515,15.239,14.356,15.22,15.57,15.382,14.511,15.214,14.248,14.758,16.191,15.258,14.51,13.346,15.08,14.356,14.758,16.554,15.472,15.262,16.189,16.551,15.085,15.896,14.358,15.22,16.859,15.217,15.217,16.356,15.261,16.861,15.744,16.945,16.357,17.519,17.878,16.552,16.075,16.355,16.621,15.746,14.757,15.26,15.861,14.709,17.52,16.581,15.26,16.549,14.761,16.919,15.384,15.077,16.353,16.828,15.215,14.509,16.289,16.828,17.36,16.834,16.33,15.86,15.129,16.821,15.898,15.837,15.589,15.574,15.836,16.354,15.383,16.183,16.078,15.86,15.87,16.043,15.251,16.183,15.861,16.356,16.353,16.168,15.468,16.353,15.469,15.749,15.896,15.128,16.183,14.348,15.386
15.901,15.862,16.082,16.358,16.186,14.517,14.759,13.849,15.218,14.513,13.908,13.849,15.383,14.299,12.444,13.072,12.451,15.085,13.539,13.345,14.51,15.855,15.255,15.875,13.85,16.173,15.213,16.08,15.255,15.386,15.083,15.581,14.755,14.51,15.461,15.208,16.174,16.354,15.083,17.595,15.9,15.386,16.183,15.467,16.854,14.758,15.365,15.213,14.509,15.386,16.188,12.854,15.259,13.344,15.216,15.208,15.59,16.36,15.748,14.356,15.466,17.053,15.864,15.216,15.385,15.469,16.831,15.751,16.829,15.386,15.259,15.078,16.827,14.337,14.75,14.702,14.356,13.77,14.33,14.634,16.185,13.849,14.51,14.758,14.352,14.301,13.908,13.069,13.336,14.512,13.345,12.379,14.353,14.354,13.544,14.7,15.125,15.388,14.51,15.216,15.26,15.209,16.283,13.071,14.509,14.492,15.261,12.851,15.753,13.352,16.354,15.259,14.709,15.588,16.353,15.897,15.59,15.884,15.471,15.215,15.375,16.35,16.186,15.597,16.062,14.741,16.856,15.214,15.215,14.711,16.912,16.186,16.075,13.849,16.357,17.736,14.756,16.353,16.355,15.895,15.862,17.515,16.183,16.286,18.089,15.218,15.385,16.04,16.948,16.583,14.491,14.298,15.587,14.51,13.542,13.546,12.116,13.277,14.251,13.272,13.543,15.088,15.854,13.272,16.174,15.463,13.35,15.895,13.849,13.345,14.706,13.907,13.068,15.08,15.749,13.346,15.086,13.345,14.248,15.257,13.346,14.755,12.852,14.51,14.244,15.084,14.353,15.214,12.204,15.469,15.216,15.897,13.91,16.185,16.185,15.589,15.259,15.386,13.342,14.51,13.544,15.75,12.461,15.465,13.348,14.23,14.758,13.074,15.366,14.303,15.22,15.239,14.297,13.909,14.508,13.79,15.083,15.753,14.509,13.345,13.346,13.341,14.356,15.083,15.863,13.852,14.356,15.594,15.746,14.249,15.896,14.358,13.793,15.469,14.512,14.248,16.584,14.303,15.862,15.744,15.744,16.585,17.519,16.82,15.216,15.211,16.185,16.079,15.215,15.385,15.387,14.511,14.246,15.469,15.466,14.355,15.895,14.712,16.83,14.707,15.463,14.352,16.287,15.385,14.509,15.898,16.828,16.825,15.751,15.444,15.468,13.79,16.821,15.084,15.837,16.184,16.063,15.566,15.745,15.383,15.896,16.042,14.758,15.87,15.386,14.346,15.858,15.591,14.759,15.081,15.199,15.468,14.707,13.908,15.218,14.708,14.51,14.508,13.535,14.3
15.594,15.388,16.358,16.862,16.186,16.806,16.92,15.898,15.471,14.712,15.386,14.354,15.383,15.082,13.33,15.086,14.293,15.217,15.467,12.459,15.084,14.505,16.04,16.333,15.387,15.374,16.182,15.591,15.383,15.259,16.184,15.25,15.894,16.08,15.378,16.347,16.344,17.519,16.947,17.767,16.188,16.185,16.549,15.126,16.943,15.898,15.877,15.858,16.078,17.257,16.586,15.263,15.59,15.385,16.829,15.853,16.044,16.36,16.861,15.471,16.285,16.819,16.291,16.83,15.897,15.216,16.357,16.587,16.55,15.898,15.259,15.253,16.945,15.844,14.502,15.582,15.218,15.841,15.235,15.514,16.859,16.355,16.859,15.386,15.467,16.185,15.216,15.747,16.279,16.357,16.83,14.25,16.184,15.084,15.131,15.737,16.182,16.861,16.356,16.356,16.08,16.348,16.943,15.592,15.746,15.842,16.187,15.217,15.904,15.597,17.519,15.59,16.355,16.183,16.946,16.829,16.185,16.274,15.9,16.859,15.248,16.824,15.591,16.191,15.573,16.062,16.944,15.214,16.582,14.511,17.713,16.08,16.351,15.386,15.862,18.015,15.858,15.214,15.86,16.353,16.187,17.591,16.581,15.895,17.883,15.862,15.258,16.58,16.551,17.364,16.81,15.081,17.308,16.185,15.47,15.865,15.588,16.185,16.084,16.283,16.082,16.834,16.941,15.585,16.344,17.057,15.264,16.945,14.71,15.259,16.547,15.588,15.214,16.915,17.259,14.76,15.262,14.71,14.355,15.859,14.511,15.894,14.302,15.216,14.507,15.747,15.082,16.549,15.467,17.063,17.063,17.257,15.748,16.86,16.829,16.828,16.829,16.83,16.352,16.551,16.188,17.524,15.863,15.586,14.249,15.73,15.259,14.715,15.84,14.761,15.751,16.059,15.255,15.591,16.549,15.217,16.287,17.181,16.947,15.897,15.387,16.352,15.593,16.355,16.082,15.262,15.389,15.751,16.948,15.218,16.582,14.251,15.088,16.355,15.862,14.511,16.949,15.085,16.831,16.945,16.353,16.187,18.225,17.355,16.948,16.914,16.044,16.343,16.582,16.079,15.591,16.08,14.509,17.175,16.945,16.044,16.353,15.13,16.8,16.286,16.282,16.916,17.886,16.184,15.468,16.552,17.886,18.067,16.556,16.33,16.355,15.747,17.054,15.386,16.806,16.184,15.37,15.566,16.55,15.383,15.745,16.078,16.829,16.831,16.799,16.036,16.183,15.591,16.185,16.353,16.338,16.287,16.353,16.829,16.862,16.353,16.355,16.797,14.704,15.86
18.663,18.481,18.74,18.892,17.597,17.527,17.721,17.888,18.074,17.497,17.257,17.72,18.135,17.256,16.17,16.586,16.072,18.095,17.519,17.257,16.859,18.474,17.491,18.049,16.584,18.648,17.885,18.48,18.753,18.479,18.093,18.471,18.393,18.161,18.652,18.218,18.322,19.314,18.396,19.381,18.603,18.6,18.092,18.224,19.19,17.888,18.073,17.885,18.159,19.195,18.817,17.6,18.334,17.174,19.054,18.593,18.908,19.2,18.398,17.889,18.068,19.438,18.075,18.27,18.659,18.757,19.317,18.076,19.365,17.769,18.757,18.328,18.735,18.317,17.512,18.086,18.163,18.052,18.79,18.795,19.036,18.071,18.396,18.757,19.034,18.479,18.66,19.054,18.65,17.722,18.397,17.523,18.225,18.227,17.367,18.387,18.657,18.095,18.66,18.27,18.757,18.653,19.636,17.065,19.089,18.796,18.335,16.83,19.096,17.604,18.907,18.16,18.071,18.477,18.224,17.887,18.226,17.873,18.74,18.333,18.897,18.733,18.161,18.607,18.143,18.143,18.867,18.598,18.07,17.888,18.901,18.909,18.222,17.257,18.335,18.681,18.092,18.158,18.659,18.267,18.073,19.31,17.173,18.394,19.509,16.861,17.519,18.476,19.513,19.513,18.737,17.717,18.656,19.107,18.481,18.231,17.595,18.757,18.338,18.963,19.197,18.761,18.864,18.088,19.304,18.654,18.231,18.657,17.887,17.495,19.086,17.493,17.886,17.884,18.662,17.496,18.336,16.829,17.598,18.092,17.258,18.393,16.801,18.226,18.223,17.793,18.332,18.069,16.828,17.887,18.908,18.908,17.889,19.036,19.107,19.447,18.757,19.036,18.598,18.27,17.89,18.741,17.722,19.378,17.723,17.294,19.036,17.526,18.794,17.523,18.401,19.016,18.81,17.496,18.268,17.794,18.396,19.372,18.6,17.768,18.162,18.597,18.163,19.195,19.198,17.497,17.497,18.274,18.396,16.831,17.767,17.067,17.499,19.089,17.176,17.721,18.398,17.065,18.14,17.79,18.224,18.096,19.088,19.439,18.397,18.221,18.814,18.018,18.07,19.035,18.758,18.227,17.887,18.871,18.735,17.597,18.657,17.795,19.449,19.087,18.594,18.224,19.839,19.035,17.363,18.89,19.883,19.05,17.892,18.635,18.87,17.365,19.307,18.479,17.573,18.16,18.144,18.309,17.519,18.657,18.658,18.159,18.16,18.043,17.72,16.821,18.477,18.871,18.601,18.267,18.209,18.396,19.052,18.396,17.523,18.331,17.888,17.718,16.854,18.093
20.937,21.491,21.902,21.77,21.083,21.34,21.105,21.104,21.502,21.084,21.29,21.104,21.276,20.978,20.171,20.495,20.498,21.334,21.103,20.492,20.073,20.928,20.976,21.321,20.335,21.092,20.895,20.98,21.244,21.29,21.699,21.481,21.496,21.333,21.283,21.239,21.071,22.072,21.61,21.88,21.502,21.343,21.202,21.169,22.139,21.29,21.479,21.201,21.698,22.073,21.751,20.648,21.7,21.147,22.249,21.492,21.738,21.923,21.768,20.442,21.608,22.108,21.107,21.344,21.499,21.237,22.075,21.585,22.046,21.344,21.204,21.494,22.323,21.594,20.259,20.89,21.502,22.018,21.857,21.997,22.887,21.9,21.767,21.67,22.072,21.815,21.825,21.49,22.028,21.612,21.816,20.61,21.698,21.748,20.982,22.108,21.85,21.408,21.7,21.671,21.204,21.493,22.068,20.781,21.699,21.388,21.281,20.78,21.587,21.34,22.391,21.333,21.458,21.102,21.498,20.932,21.279,21.101,20.888,21.343,21.488,21.231,21.334,21.35,21.263,21.482,21.896,21.288,21.235,20.531,22.452,20.934,21.276,20.492,21.292,22.252,21.405,21.277,21.104,21.288,20.781,22.059,21.234,20.884,22.371,20.337,20.374,21.496,22.037,22.144,21.982,21.244,22.034,22.001,21.249,21.665,21.498,21.738,21.504,22.027,22.075,21.504,22.277,20.974,21.889,21.913,21.12,21.168,20.933,21.082,21.696,20.605,20.978,21.849,22.04,20.84,21.206,20.839,20.442,21.498,20.376,21.101,20.442,20.779,20.976,21.149,21.499,21.498,20.605,21.699,21.67,21.899,21.205,21.748,21.738,21.88,22.001,21.825,22.141,21.459,21.282,22.583,21.282,21.821,21.239,20.869,21.115,20.844,21.728,20.9,21.348,21.323,21.496,21.117,22.035,20.532,22.037,22.382,21.88,20.979,21.291,21.744,20.533,22.1,22.04,20.377,20.533,20.984,21.767,20.888,21.235,20.444,20.902,21.489,20.981,20.78,21.582,20.442,21.249,21.234,21.113,21.117,22.457,22.064,21.204,21.695,21.344,21.028,21.766,21.489,21.407,21.237,20.492,21.247,21.288,21.116,21.765,20.337,22.393,21.746,21.995,22.071,22.457,21.747,20.885,21.459,22.482,22.245,21.175,21.09,21.406,20.78,22.092,21.29,21.32,21.236,20.787,20.583,21.169,20.883,20.605,20.529,21.407,21.208,21.29,20.177,21.102,21.237,21.344,21.456,21.327,21.61,21.102,21.5,21.173,21.235,21.5,21.288,20.329,21.406
22.898,23.176,23.121,23.348,23.07,22.894,22.836,23.202,23.198,23.007,23.119,22.85,23.192,23.283,21.733,22.311,22.318,23.071,23.18,22.376,22.58,22.83,22.965,22.827,22.047,22.6,22.936,23.182,23.065,22.968,23.068,23.249,23.569,23.033,23.083,23.025,22.994,24.006,23.236,23.866,23.368,23.174,23.173,23.39,23.903,22.887,23.216,23.179,23.344,23.704,23.453,22.678,23.418,22.735,23.617,23.188,23.332,23.659,23.366,22.738,23.342,23.839,22.831,22.851,23.672,23.084,23.945,22.972,23.8,23.182,23.332,23.326,23.906,23.524,22.092,22.842,23.347,24.056,23.549,23.713,24.3,23.673,23.789,23.345,23.818,23.617,23.502,23.182,23.512,23.259,23.278,22.527,23.495,23.649,22.838,23.608,23.519,23.085,23.285,23.182,23.346,23.277,24.087,22.461,23.572,23.327,23.347,22.612,23.679,22.976,23.812,22.968,23.277,22.848,23.081,22.827,23.069,22.925,22.653,23.384,23.32,23.17,22.969,23.522,22.87,23.523,23.986,23.383,23.194,22.459,23.937,23.332,23.079,22.458,22.582,23.887,23.002,23.2,23.345,22.825,22.852,23.699,22.885,22.765,23.784,22.461,22.282,23.518,23.515,23.819,23.579,22.943,23.538,23.849,22.889,23.603,22.893,23.345,23.095,23.668,23.518,23.545,23.983,22.933,23.587,23.535,22.577,23.342,22.828,22.611,23.518,22.886,22.143,23.381,23.6,22.836,22.897,22.713,22.386,23.235,22.652,23.199,22.386,23.091,22.943,23.196,23.283,23.067,22.204,23.45,23.648,23.789,22.889,23.345,23.573,23.812,23.45,23.516,23.701,23.516,23.072,23.793,23.071,23.361,22.716,22.72,23.257,22.488,23.43,22.769,22.943,23.345,23.115,22.896,23.571,22.605,23.866,24.171,23.848,22.651,22.46,23.199,22.461,23.819,23.575,22.55,22.328,22.951,23.819,22.485,22.886,22.287,22.329,23.284,22.46,22.676,23.07,22.207,22.837,23.002,22.825,22.676,23.818,23.694,23.237,23.491,23.345,22.875,23.495,23.256,23.119,23.175,22.144,23.033,23.2,22.768,23.701,22.378,23.814,23.363,23.611,23.702,23.936,23.502,22.65,23.034,23.936,23.569,23.074,22.711,23.174,22.206,23.646,23.091,22.871,22.834,22.587,22.863,23.032,22.877,22.481,22.765,23.033,22.94,23.174,22.065,22.833,22.714,22.828,23.255,22.719,23.284,23.234,23.345,22.715,22.885,23.119,22.966,22.058,23.202
24.421,24.424,24.894,24.766,24.486,24.265,24.511,24.71,24.931,24.668,24.68,24.5,24.893,25.149,23.64,23.651,23.495,24.486,24.584,23.908,23.648,24.349,24.161,24.229,23.542,24.498,24.072,24.402,24.254,24.877,24.463,24.287,24.642,24.68,24.618,24.702,24.332,25.292,24.62,25.258,24.88,24.586,24.299,24.482,25.078,24.546,24.742,24.678,25.074,24.896,24.88,23.994,24.91,24.051,24.988,24.87,24.782,25.088,24.647,24.099,24.522,25.608,24.786,24.621,24.909,24.485,25.47,24.213,25.385,24.51,24.68,24.504,25.333,24.664,23.9,24.502,24.589,25.042,24.928,24.985,25.493,24.988,24.801,25.011,25.27,25.128,24.778,24.782,25.364,24.682,24.681,24.01,24.895,25.007,23.846,24.979,24.76,24.419,24.783,24.878,24.627,24.579,25.577,24.054,25.132,24.933,24.486,23.655,24.652,24.099,25.402,24.91,24.877,24.508,24.482,24.483,24.91,24.408,24.356,24.3,24.94,24.354,24.622,24.87,24.326,24.692,25.212,24.523,24.246,23.705,25.068,24.627,24.759,23.74,24.094,25.279,24.508,24.708,24.51,24.399,24.232,25.318,24.508,24.298,25.254,23.821,23.788,24.86,25.336,25.154,24.992,24.05,24.948,24.951,24.254,24.993,24.483,24.782,24.358,25.182,25.063,24.488,25.055,24.225,24.996,24.829,24.169,24.543,23.908,23.789,24.617,23.615,24.207,24.582,25.063,24.166,24.668,23.937,23.803,24.508,23.939,24.706,23.803,24.626,24.466,24.354,24.62,24.207,23.818,24.5,24.247,24.896,24.094,24.666,24.91,25.253,25.061,24.802,25.072,24.763,23.992,25.118,24.254,24.831,24.055,23.556,24.545,23.872,25.235,23.992,24.169,25.041,25.053,24.302,25.438,23.844,24.863,25.312,25.132,23.908,24.547,24.893,24.094,24.877,25.152,23.601,23.792,23.901,24.782,23.517,24.245,23.726,23.823,24.646,24.054,24.166,24.21,23.821,24.361,24.352,24.228,24.128,25.334,25.313,24.621,24.676,24.749,24.038,24.801,25.154,24.485,24.666,23.819,24.098,24.42,23.573,24.775,23.851,25.473,24.78,24.659,24.931,25.581,24.988,24.052,24.511,25.322,25.212,24.13,24.444,24.877,23.649,25.146,24.626,24.228,24.164,24.274,24.185,24.245,24.461,24.163,24.096,24.68,24.098,24.422,23.646,24.357,24.485,24.301,24.584,24.164,24.585,24.415,24.525,23.899,24.245,24.666,24.352,23.592,24.782
25.263,25.058,25.652,25.496,25.217,25.401,25.387,25.696,26.082,25.664,25.685,25.582,25.646,25.803,24.651,24.472,24.493,25.116,25.467,24.591,24.484,25.042,25.08,24.989,24.36,25.103,25.286,25.111,25.003,25.558,25.322,25.297,25.437,25.614,25.582,25.574,25.363,26.096,25.803,26.093,25.726,25.493,25.287,25.304,26.039,25.522,25.722,25.491,26.212,25.982,25.882,24.839,25.743,25.271,25.86,25.96,25.649,25.961,25.523,24.879,25.647,26.345,25.472,25.522,25.878,25.469,26.527,25.361,26.222,25.649,25.522,25.616,26.182,25.649,24.672,25.053,25.262,25.728,25.704,26.106,26.401,25.957,25.649,25.838,26.204,25.86,25.747,25.665,26.144,25.615,25.728,24.528,25.581,25.939,25.051,26.172,25.49,25.388,25.65,25.662,25.357,25.551,26.218,24.784,25.829,25.455,25.47,24.778,25.5,25.05,26.394,25.845,25.86,25.334,25.384,25.215,25.849,25.096,25.274,25.356,25.673,25.105,25.324,25.867,25.406,25.455,25.842,25.401,25.131,24.764,25.884,25.387,25.894,24.586,25.157,26.156,25.438,25.491,25.684,25.466,25.291,26.064,25.257,25.355,26.149,24.648,24.679,25.739,26.079,25.978,25.826,24.888,25.857,26.025,25.044,25.809,25.334,25.723,25.327,26.14,25.952,25.31,25.612,25.069,25.639,25.644,25.066,25.32,24.71,24.777,25.49,24.679,25.082,25.465,25.78,24.879,25.687,24.71,24.893,25.504,24.935,25.739,24.784,25.336,25.502,25.424,25.533,25.113,24.669,25.582,25.394,25.746,24.912,25.44,25.522,25.859,25.905,25.697,25.831,25.747,24.766,25.901,25.05,25.646,24.931,24.483,25.403,24.831,25.84,24.804,25.132,25.825,25.964,25.085,26.18,24.892,25.86,26.103,26.246,24.877,25.375,25.646,24.766,25.834,25.863,24.357,24.487,24.714,25.386,24.75,24.95,24.767,24.933,25.534,24.99,24.93,25.324,24.76,25.291,25.532,25.371,24.99,26.286,26.203,25.522,25.893,25.59,25.007,25.889,25.889,25.357,25.535,24.709,24.835,25.321,24.485,25.556,24.751,26.08,25.6,25.612,25.616,26.371,25.845,24.895,25.151,26.266,26.022,24.882,25.234,25.649,24.587,26.017,25.602,25.091,24.988,25.238,25.235,25.393,25.437,25.046,24.927,25.727,25.175,25.473,24.461,25.333,25.129,25.272,25.045,25.238,25.727,25.148,25.558,25.05,25.046,25.469,25.214,24.519,25.837
24.713,25.085,25.292,25.296,24.547,24.717,24.759,25.15,25.086,25.326,25.155,25.272,25.256,25.385,24.15,24.513,24.283,25.13,24.95,24.525,24.51,24.905,24.745,25.038,24.215,24.771,24.78,24.878,24.759,25.373,24.951,24.925,25.147,25.048,25.12,25.315,24.866,25.581,25.335,25.803,25.275,25.259,24.889,25.073,25.893,25.061,25.628,25.371,25.648,25.357,25.326,24.59,25.203,24.59,25.306,25.264,25.155,25.445,24.897,24.765,25.32,25.839,25.262,25.062,25.601,25.374,25.907,24.829,25.776,25.323,25.461,25.288,25.744,25.134,24.393,24.902,24.88,25.515,25.445,25.514,25.879,25.386,25.469,25.306,25.776,25.323,25.386,25.469,25.613,24.76,25.374,24.781,25.322,25.65,24.674,25.675,25.682,25.045,25.395,25.048,25.155,25.299,25.893,24.471,25.649,25.305,24.784,24.355,25.479,24.833,25.897,25.293,25.394,25.291,25.148,24.8,25.44,25.033,24.712,24.909,25.482,25.211,25.216,25.409,24.874,25.406,25.857,25.334,24.876,24.231,25.462,25.217,25.518,24.484,24.784,25.64,25.059,25.321,25.323,24.986,24.711,25.841,25.059,24.908,25.742,24.486,24.679,25.658,25.534,25.661,25.502,24.507,25.555,25.505,25.063,25.474,25.214,25.534,24.881,25.651,25.652,24.782,25.584,24.675,25.654,25.317,24.591,25.107,24.354,24.417,25.382,24.483,24.589,25.107,25.261,24.47,25.218,24.525,24.47,25.073,24.424,25.125,24.512,24.989,24.893,25.061,25.153,24.664,24.353,25.074,24.988,25.154,24.471,25.115,25.047,25.613,25.15,25.395,25.47,25.323,24.42,25.275,24.668,25.285,24.513,24.241,25.216,24.219,25.57,24.751,24.882,25.473,25.49,24.827,25.726,24.291,25.402,25.753,25.617,24.484,24.878,25.49,24.512,25.558,25.524,24.167,24.167,24.53,25.061,24.099,24.483,24.185,24.426,25.259,24.465,24.424,24.759,24.249,24.588,24.949,25.045,24.672,25.948,26.016,25.323,25.577,25.15,24.54,25.492,25.322,25.29,24.989,24.246,24.621,25.004,24.36,25.466,24.292,25.65,25.257,25.33,25.321,25.722,25.589,24.499,25.111,25.648,25.382,24.59,24.852,25.472,24.008,25.55,25.15,24.657,24.59,24.747,24.801,24.669,25.044,24.875,24.679,25.047,25.082,25.323,24.084,24.889,25.151,25.048,25.257,24.808,25.356,25.257,25.323,24.712,25.153,25.394,24.931,24.348,25.259
24.294,25.116,24.991,25.05,24.344,24.687,24.403,24.835,25.059,24.668,25.048,24.591,24.874,25.127,24.238,24.528,24.477,25.152,24.927,24.301,24.525,24.886,24.356,24.462,23.99,24.514,24.42,24.464,24.662,25.047,24.665,24.754,25.044,25.011,25.053,25.076,24.453,25.521,25.15,25.423,25.205,25.356,24.544,25.393,25.529,25.061,25.238,25.045,25.589,25.323,24.991,24.262,24.863,24.213,25.323,24.981,24.952,25.088,24.784,24.588,24.893,25.651,24.786,24.934,25.254,25.062,25.744,24.489,25.493,25.057,25.155,25.253,25.588,25.34,24.287,25.003,24.837,25.63,25.179,25.243,25.696,25.289,25.154,25.084,25.467,25.057,25.043,25.007,25.377,24.628,25.007,24.828,25.271,25.728,24.683,25.451,25.081,24.667,25.216,24.826,24.864,24.903,25.609,24.486,25.305,25.043,24.512,24.418,25.479,24.688,25.402,25.259,25.15,24.746,24.756,24.509,25.306,24.914,24.512,25.254,25.638,24.541,24.681,25.09,24.808,25.476,25.894,25.046,24.645,24.485,25.643,24.783,25.319,24.246,24.466,25.301,25.253,25.253,25.271,24.78,24.682,25.742,24.761,24.761,25.585,24.303,24.545,25.383,25.357,25.373,25.354,24.755,25.32,25.357,24.953,25.137,24.781,25.319,24.914,25.13,25.325,24.514,25.434,24.504,25.312,25.351,24.787,24.779,24.801,24.626,24.892,24.294,24.074,24.86,25.113,24.093,24.899,24.51,24.361,25.046,24.21,25.058,24.166,24.952,24.925,24.621,25.149,24.619,24.074,24.71,24.877,25.132,24.099,24.749,24.586,25.215,24.988,24.749,25.437,24.929,24.683,25.219,24.785,25.08,24.528,24.214,25.043,24.515,25.196,24.913,24.468,25.134,25.057,24.75,25.648,24.296,25.202,25.295,25.318,24.097,24.592,25.003,24.078,25.215,25.13,23.94,24.009,24.079,24.877,23.898,24.245,23.941,24.102,24.877,24.21,24.248,24.486,23.821,24.512,24.42,24.756,24.297,25.355,25.512,25.061,25.456,24.877,24.337,25.154,25.322,24.71,24.71,24.052,24.626,24.832,24.296,25.321,24.298,25.522,25.491,25.528,25.491,25.393,25.439,24.208,24.836,25.373,25.251,24.079,24.685,25.154,24.165,24.98,24.621,24.461,24.006,24.343,24.445,24.498,24.779,24.498,24.708,25.011,25.02,25.047,24.206,24.756,24.778,24.592,25.491,24.784,25.083,24.756,25.323,24.249,24.776,25.289,25.059,24.458,25.335
24.01,24.765,24.362,24.293,24.116,23.996,24.008,24.258,24.303,24.233,24.208,24.359,24.244,25.01,23.377,23.87,24.09,24.682,24.256,24.007,24.247,24.704,23.986,24.523,23.909,23.855,23.811,24.215,24.35,24.758,24.509,24.75,24.76,24.621,24.755,24.794,24.198,25.082,24.891,25.149,24.629,24.758,24.523,25.131,25.314,24.621,25.272,24.76,25.149,24.863,24.751,23.941,24.485,24.113,24.71,24.502,24.586,24.882,24.21,24.116,24.466,25.051,24.589,24.646,25.127,24.783,25.308,24.213,25.047,24.896,25.011,25.197,25.371,25.357,24.022,24.476,24.362,25.474,24.983,24.913,25.394,24.646,24.626,24.825,25.113,24.464,24.586,24.621,24.882,24.099,24.5,24.212,24.834,25.294,24.357,25.105,24.76,24.116,24.417,24.5,24.402,24.703,25.11,23.91,25.06,24.652,24.166,24.165,24.832,24.122,24.951,24.782,24.877,24.544,24.584,24.113,24.951,24.863,24.077,24.801,25.139,24.338,24.511,24.716,24.191,25.198,25.646,25.073,24.353,24.126,25.148,24.501,24.873,24.092,24.21,25.094,25.126,25.148,24.782,24.415,24.166,25.369,24.482,24.467,25.11,24.303,24.342,25.044,24.763,24.835,24.572,24.298,24.623,24.825,24.116,25.079,24.207,24.896,24.169,24.823,24.588,23.941,25.041,24.092,24.866,24.904,24.08,24.292,24.29,24.208,24.759,24.212,23.647,24.398,24.588,23.945,24.249,24.247,23.939,24.544,23.815,24.34,23.821,24.301,24.227,24.165,24.664,23.894,23.647,24.484,24.51,24.464,23.742,24.252,24.301,24.762,24.464,24.231,24.799,24.354,24.117,24.503,24.303,24.506,24.167,23.921,24.933,24.263,24.49,24.548,23.942,24.69,24.755,24.21,25.321,23.944,24.895,25.063,24.762,23.502,24.099,24.583,23.675,24.777,24.548,23.368,23.394,23.545,24.484,23.791,23.818,23.5,23.708,24.464,23.821,24.054,23.868,23.543,23.91,24.341,24.352,23.939,25.01,25.038,24.586,25.15,24.591,23.821,24.876,24.932,24.485,24.03,23.515,24.301,24.482,24.291,25.304,23.518,25.129,25.321,25.05,25.148,24.932,24.89,24.164,24.36,24.757,24.778,23.577,24.183,24.762,23.741,24.461,24.247,23.843,23.597,23.921,24.029,24.113,24.249,24.124,24.179,24.51,24.754,24.933,23.665,24.482,24.464,24.681,25.321,24.197,24.928,24.775,25.043,24.077,24.508,24.68,24.584,24.246,25.061
24.426,24.784,24.683,24.594,24.423,24.361,24.093,24.71,24.828,24.785,24.586,24.782,24.507,25.201,23.992,24.095,24.288,24.627,24.8,24.252,24.075,24.704,24.049,24.563,23.938,24.405,24.543,24.622,24.642,25.202,24.877,24.701,25.251,25.061,25.208,25.142,24.814,25.393,25.323,25.373,25.014,25.402,24.678,25.287,25.691,25.15,25.315,25.009,25.468,25.048,24.785,24.488,24.877,24.4,25.061,25.286,25.061,24.806,24.486,24.502,25.081,25.483,24.781,24.91,25.468,24.896,25.651,24.294,25.423,25.386,25.306,25.266,25.47,25.242,24.346,24.702,24.404,25.355,24.983,25.319,25.403,24.763,25.011,24.749,25.52,24.877,24.952,25.155,25.385,24.248,24.764,24.357,24.876,25.395,24.487,25.431,24.893,24.501,24.802,25.007,24.764,25.054,25.284,24.211,25.356,24.745,24.232,24.344,24.491,24.221,25.373,25.215,25.259,24.668,24.678,24.585,25.521,24.821,24.424,24.932,25.375,24.505,25.012,25.139,24.879,25.377,25.743,25.214,24.876,24.209,25.367,24.587,25.255,24.401,24.424,25.203,25.152,25.321,25.394,24.799,24.486,25.464,24.875,24.823,25.398,24.588,24.625,25.107,25.007,25.047,25.064,24.497,25.058,25.15,24.486,24.993,24.584,25.154,23.853,24.975,24.837,23.871,24.945,24.396,25.037,25.042,24.305,24.677,24.209,24.586,25.08,24.352,24.498,25.057,24.712,24.424,24.88,24.464,24.183,24.756,24.248,24.948,24.054,24.51,24.662,24.586,25.06,24.288,24.299,25.007,24.91,24.709,24.216,24.546,24.626,24.932,24.586,24.51,25.081,24.621,24.078,24.899,24.362,24.778,24.293,24.036,24.988,24.359,25.235,24.673,24.169,25.027,25.255,24.682,25.695,24.253,25.056,25.063,25.254,23.819,24.511,25.058,23.851,24.877,24.88,23.899,23.94,23.853,24.525,24.216,24.113,24.299,24.056,24.877,24.254,24.116,24.099,24.166,24.232,24.761,24.761,23.945,25.372,25.206,24.952,25.489,24.877,24.087,25.373,25.258,24.783,24.5,24.359,24.214,24.707,24.485,25.152,24.167,25.374,25.13,25.499,25.316,25.322,25.258,24.18,24.749,25.109,25.212,24.057,24.685,25.271,24.098,24.869,24.671,24.228,23.896,24.494,24.567,24.251,24.707,24.483,24.415,25.043,25.127,25.203,24.249,24.908,24.835,24.989,25.321,24.994,25.493,24.678,25.11,24.216,24.889,25.203,24.78,24.479,25.254
24.9,25.049,25.376,25.524,24.897,25.018,24.836,25.506,25.338,25.443,25.336,25.403,25.303,25.837,24.895,24.751,24.818,25.049,25.292,24.802,24.51,25.042,24.465,24.906,24.344,25.138,25.252,25.336,24.874,25.967,25.047,24.869,25.646,25.804,25.642,25.974,25.384,25.897,25.897,25.904,25.652,26.025,25.393,25.422,25.973,25.861,26.226,25.333,26.01,25.661,25.508,25.154,25.506,25.127,25.374,25.594,25.649,25.595,25.116,24.76,25.354,26.069,25.472,25.559,26.01,25.583,25.899,24.786,25.86,25.845,25.65,25.644,25.47,25.407,24.774,24.774,24.513,25.758,25.109,26.004,25.618,25.306,25.423,25.622,26.124,25.506,25.395,25.289,25.795,24.784,25.057,24.513,24.625,25.614,24.304,25.888,25.354,24.76,25.272,25.374,25.203,25.575,25.893,24.628,25.837,25.254,24.836,24.587,25.278,24.936,25.859,25.86,25.742,25.152,25.131,24.909,25.777,24.997,24.827,24.862,25.673,24.83,25.469,25.73,25.186,25.476,25.724,25.422,24.876,24.465,25.144,25.337,25.886,24.951,24.898,25.593,25.836,25.588,25.86,25.458,25.112,26.006,25.384,25.304,25.738,24.76,25.114,25.42,25.259,25.11,25.316,24.522,25.147,25.203,24.784,25.563,24.8,25.44,24.13,25.449,25.471,24.529,25.287,24.923,25.295,25.3,24.753,25.32,24.863,24.777,25.598,25.257,25.214,25.646,25.667,25.112,25.616,24.71,24.99,25.257,25.13,25.391,24.879,25.424,25.583,25.403,26.025,25.055,25.149,25.834,25.89,25.649,25.049,25.272,25.373,25.648,25.323,25.048,25.32,25.115,24.589,25.064,24.931,25.469,24.712,24.284,25.618,24.49,25.562,24.837,24.65,25.81,25.743,25.26,26.221,24.165,25.505,25.499,25.621,24.763,25.085,25.518,24.466,25.602,25.426,24.528,24.712,24.685,25.473,24.837,24.679,25.079,25.088,25.618,25.085,25.217,25.049,24.935,24.836,25.466,25.392,24.865,25.977,25.84,25.387,25.844,25.622,24.803,26.025,25.746,25.307,25.474,24.834,24.422,25.4,24.671,25.619,24.765,25.133,25.647,25.487,25.438,25.859,26.025,25.083,25.204,25.776,25.742,24.787,25.09,25.878,24.546,25.348,25.424,25.127,24.762,25.067,25.037,25.059,25.587,25.113,25.214,25.661,25.832,25.879,24.793,25.371,25.662,25.65,25.458,25.605,26.079,25.321,25.684,24.593,25.131,25.665,25.257,24.463,25.86
25.39,25.388,25.893,26.046,25.651,25.734,25.47,26.094,26.028,26.132,26.192,26.069,25.555,26.629,25.372,25.118,25.316,25.495,25.648,25.272,25.061,25.284,25.08,25.499,25.084,25.822,26.182,25.88,24.925,26.212,25.154,25.142,25.894,26.213,26.018,26.132,25.603,26.191,26.345,26.068,26.014,26.011,25.491,25.725,26.3,26.097,26.185,25.371,26.46,25.386,25.852,25.361,25.879,25.648,25.649,25.83,25.83,25.587,25.151,25.045,25.74,26.278,25.731,25.891,26.153,25.65,26.102,25.052,25.967,26.069,25.845,25.741,25.291,25.633,25.053,24.774,24.751,25.819,25.27,26.323,25.727,25.558,25.649,25.59,26.276,25.747,25.743,25.59,26.363,25.217,25.522,24.785,24.781,25.559,24.785,26.059,25.32,25.049,25.905,25.65,25.494,25.74,25.885,25.218,26.153,25.568,24.898,24.681,25.691,24.996,26.191,26.185,26.185,25.253,25.153,24.876,26.097,25.245,25.157,24.951,25.654,24.928,25.804,25.749,25.729,25.888,25.831,25.532,25.837,24.711,25.388,25.273,26.149,24.91,24.803,25.686,25.903,25.647,25.938,25.647,25.261,25.933,25.471,25.321,25.856,25.112,25.288,25.147,25.374,25.386,25.354,24.755,25.615,25.469,25.152,25.539,25.082,25.522,24.63,25.593,25.851,24.867,25.351,25.455,25.363,25.288,25.221,25.801,25.11,25.272,26.188,25.695,25.683,26.181,26.187,25.603,26.226,25.306,25.404,25.648,25.748,25.894,25.651,25.861,26.15,26.026,26.604,25.556,25.683,26.295,26.044,26.192,25.56,25.777,26.079,26.211,25.849,25.614,25.835,25.831,24.913,25.665,25.157,25.657,24.88,24.483,25.982,24.754,25.995,25.296,25.155,26.091,26.04,25.404,26.488,24.711,25.746,26.229,26.054,24.928,25.603,25.946,24.712,25.696,25.97,24.954,25.157,24.933,25.967,25.667,25.292,25.689,25.653,25.956,25.667,25.847,25.523,25.725,25.112,25.936,25.491,25.152,26.357,26.237,25.728,26.314,25.949,24.942,26.55,26.354,25.615,26.026,25.271,24.763,25.659,24.764,25.744,25.218,25.662,25.647,25.463,25.847,26.222,26.153,25.385,25.47,26.068,26.022,24.956,25.589,26.294,25.155,26.007,26.185,25.235,25.127,25.243,25.371,25.287,25.975,25.372,25.556,26.079,25.987,26.043,25.432,25.775,25.65,25.95,25.721,25.679,26.043,25.458,25.804,24.683,25.372,25.898,25.504,24.752,26.097
25.407,25.623,25.807,25.97,25.26,25.845,25.651,26.097,26.142,26.1,26.139,26.185,25.74,26.607,25.635,25.537,25.498,25.899,25.776,25.582,25.293,25.644,25.199,25.627,25.273,26,26.098,25.968,25.044,25.967,25.056,25.048,25.887,25.979,25.83,26.018,25.607,25.833,26.153,25.803,25.78,26.139,25.201,25.588,26.207,25.849,26.023,25.256,25.981,25.272,25.652,25.378,25.849,25.372,25.558,25.574,25.727,25.619,25.008,25.218,25.579,26.175,25.509,25.618,26.184,25.29,26.016,24.59,25.468,25.905,25.727,25.368,25.081,25.378,24.75,24.817,24.712,25.666,25.333,26.078,26.011,25.804,25.777,25.727,26.245,25.59,25.602,25.59,26.016,24.836,25.469,24.624,24.895,25.65,24.674,26.172,25.466,24.935,25.522,25.534,25.591,25.72,25.893,25.117,25.967,25.451,24.784,24.759,26.496,25.692,25.726,25.905,25.83,25.126,25.046,24.679,25.849,24.914,24.486,25.154,25.61,24.777,25.357,25.609,25.386,25.596,26.022,25.745,24.246,24.783,25.316,25.47,26.125,24.801,24.628,25.534,25.843,25.725,25.89,25.519,24.893,25.723,25.304,25.27,25.844,25.135,25.047,25.151,25.047,25.403,25.375,24.822,25.32,25.522,24.93,25.428,25.082,25.618,24.363,25.762,25.84,24.714,25.463,25.389,25.511,25.33,25.155,25.835,25.424,25.469,26.108,25.648,25.829,26.264,25.893,25.748,26.215,25.665,25.651,26.092,25.592,25.902,25.616,26.129,26.076,26.055,26.579,25.491,25.829,26.345,26.247,25.967,25.592,25.89,26.212,26.489,26.015,25.849,26.182,25.834,25.117,25.377,25.325,25.845,25.376,24.654,25.967,24.651,25.859,25.153,24.956,25.723,25.978,25.535,26.663,24.681,26.097,26.557,25.982,24.67,25.65,25.876,24.991,25.834,25.848,24.931,25.046,25.327,26.011,25.806,25.589,25.751,25.526,26.185,25.651,25.748,25.698,25.651,25.152,25.616,25.503,25.085,26.024,26.116,25.65,26.367,25.65,25.051,26.424,26.505,25.835,25.583,25.154,24.877,25.316,24.71,25.843,24.751,25.603,25.725,25.832,25.647,25.844,26.068,25.254,25.424,25.956,25.856,24.9,25.718,26.506,25.062,26.204,26.185,25.626,25.06,25.457,25.626,25.321,26.051,25.588,25.532,25.879,25.821,26.125,25.039,25.647,25.65,25.603,25.976,25.199,25.949,25.321,25.804,24.548,25.041,25.582,25.055,24.62,25.849
25.669,25.899,26.441,26.028,25.862,25.811,25.85,26.398,26.378,26.528,26.665,26.551,26.15,26.873,25.883,25.848,25.654,26.214,26.397,25.65,25.661,26.2,25.502,26.057,25.47,26.344,26.5,25.906,24.892,26.212,25.402,25.28,25.902,25.949,25.96,26.26,25.894,26.025,26.401,25.978,25.893,26.079,25.471,25.903,26.313,26.111,26.192,25.587,26.397,25.649,26.057,25.731,26.182,25.844,25.898,26.132,26.079,25.85,25.337,25.375,25.979,26.335,25.664,25.906,26.304,25.494,26.183,24.839,25.897,25.949,25.461,25.679,25.371,25.452,25.142,25.076,25.292,26.194,25.673,26.475,26.375,26.097,26.044,25.86,26.629,26.185,25.845,25.747,26.72,25.134,25.666,24.88,25.422,26.223,25.051,26.494,25.49,25.152,26.069,25.85,25.747,25.689,25.933,25.397,26.068,25.405,25.085,25.116,24.632,26.406,26.304,26.288,26.185,25.081,25.52,25.114,26.054,25.258,25.063,25.154,25.956,24.796,25.861,25.963,25.71,25.932,26.15,25.936,26.713,25.111,25.898,25.506,26.209,25.11,24.935,26.037,26.303,25.741,26.358,25.843,24.99,25.799,25.588,25.647,26.05,25.135,25.083,25.466,25.661,25.649,25.948,25.004,25.801,25.967,25.651,26.048,25.616,26.079,24.767,26.246,26.321,25.293,25.961,25.973,25.827,25.944,25.654,25.965,25.473,25.804,26.291,26.078,26.078,26.576,26.528,26.224,26.744,25.898,25.881,26.397,25.958,26.352,25.862,26.503,26.342,26.503,27.013,25.896,26.266,26.513,26.185,26.153,25.851,26.213,26.223,26.657,26.372,26.08,26.5,26.14,25.668,26.104,25.745,26.351,25.605,25.031,26.212,25.277,26.192,25.426,25.061,26.186,26.486,25.651,26.872,25.156,26.304,26.021,26.371,25.259,25.98,26.368,25.05,26.212,26.358,24.991,25.524,25.498,26.355,25.94,25.878,26.217,26.158,26.294,25.836,26.016,25.847,25.862,25.325,26.183,25.775,25.157,26.505,26.451,25.778,26.546,26.223,25.252,26.741,26.55,25.839,26.026,25.649,25.272,25.744,25.057,26.098,25.321,26.055,26.013,26.019,26.221,26.184,26.354,25.617,25.891,26.152,26.368,25.263,25.66,26.506,25.697,26.259,26.345,25.626,25.385,25.633,25.566,25.832,26.126,25.683,25.648,26.428,26.126,26.294,25.195,25.556,25.95,25.85,26.013,25.71,26.345,25.588,26.043,25.009,25.438,25.86,25.491,25.042,26.097
25.327,25.308,25.593,25.941,25.523,25.431,25.441,26.015,25.84,26.188,26.185,26.278,26.302,26.858,25.568,25.064,25.04,25.592,25.401,25.272,25.386,25.644,24.822,25.446,25.007,25.927,25.895,25.65,24.642,25.905,24.585,24.501,25.8,25.493,26.018,25.796,25.312,25.897,25.938,25.833,25.496,26.025,25.27,25.304,26.021,25.747,26.005,25.615,26.025,25.649,25.593,25.59,25.861,25.153,25.622,25.823,25.949,25.654,25.062,25.359,25.658,26.005,25.326,25.469,26.096,25.622,25.907,24.895,25.493,25.747,25.727,25.149,24.678,24.917,24.755,24.346,24.211,25.879,24.839,26.279,25.216,26.015,26.192,25.804,26.4,25.949,25.804,25.728,26.13,24.898,25.603,24.674,24.781,25.336,24.487,26.349,25.954,24.93,25.357,25.522,25.615,25.579,26.12,25.112,26.128,25.368,25.152,24.231,26.467,24.996,25.803,25.967,25.618,25.532,25.009,24.483,25.897,24.486,24.668,24.68,25,25.145,25.324,25.38,25.255,25.406,25.61,25.52,25.46,24.215,24.871,25.591,26.022,24.951,24.648,25.789,25.317,25.371,25.967,25.599,25.049,25.844,25.321,25.321,25.577,25.291,24.909,25.831,25.506,25.89,25.646,24.481,25.662,25.838,25.425,26.197,25.616,26.318,25.154,26.025,26.358,25.263,25.317,25.798,25.144,25.145,24.675,26.182,25.075,24.933,26.274,25.948,25.305,26.022,26.128,25.88,26.132,25.154,25.805,25.304,26.214,26.188,25.836,26.305,26.066,26.345,26.946,25.775,25.745,25.967,26.305,25.967,25.523,26.08,26.305,26.74,25.849,26.055,25.744,25.838,25.059,25.258,25.05,26.284,24.828,24.164,26.185,24.214,25.629,24.899,24.938,26.023,25.845,25.748,26.488,24.344,26.222,26.187,25.967,25.216,25.494,26.076,24.991,26.153,26.017,25.496,25.009,25.626,26.425,25.442,25.616,25.586,25.444,26.181,25.291,25.623,25.337,25.308,25.008,25.333,25.467,24.954,26.01,25.888,25.506,26.575,25.861,24.848,26.053,26.184,25.65,25.591,24.933,24.546,25.744,24.511,25.371,24.88,24.587,25.214,25.144,25.009,25.621,26.111,24.777,25.744,25.859,25.382,24.714,25.624,26.246,24.423,26.003,25.968,25.498,24.825,25.378,25.299,25.073,25.876,25.471,25.504,26.015,26.126,25.845,24.869,25.467,25.32,25.591,25.588,25.306,26.014,25.721,25.949,24.588,25.372,25.849,25.082,23.932,25.727
25.39,24.248,25.97,25.97,25.686,25.811,25.686,25.979,25.985,26.226,26.213,26.425,26.355,26.946,25.846,24.211,24.085,24.486,24.462,24.23,24.354,24.581,23.893,24.76,24.098,26.082,26.041,25.805,23.669,25.982,23.572,23.64,26.011,25.622,26.007,26.003,25.392,26.014,26.014,26.096,25.585,26.185,25.401,24.288,26.313,25.898,26.058,25.663,26.267,25.86,25.848,25.407,25.804,25.402,25.804,25.883,25.979,25.809,25.217,25.62,25.857,26.213,25.617,25.804,26.401,25.778,26.095,24.881,25.904,25.845,25.89,24.208,24.206,24.343,24.794,23.59,23.518,24.763,23.966,26.349,24.463,26.305,26.125,26.097,26.858,26.079,26.223,26.154,26.542,25.295,25.728,23.822,24.029,24.826,23.651,26.497,25.876,25.217,25.879,25.747,25.861,25.654,26.187,25.442,26.512,25.728,25.112,23.802,25.54,25.064,25.904,26.1,26.015,25.616,25.334,24.988,25.897,23.659,24.879,23.812,24.458,25.105,25.724,25.784,25.541,24.336,24.755,24.482,22.886,23.285,24.158,25.424,26.121,25.154,24.99,25.793,24.352,24.482,26.111,25.744,25.152,26.075,25.52,25.741,25.9,25.135,25.322,26.15,25.849,26.129,25.878,23.786,26.15,26.288,25.892,26.31,25.847,26.551,25.378,26.418,26.361,25.361,24.703,25.892,24.39,24.463,23.824,26.182,24.075,24.126,26.136,25.776,25.648,26.202,26.103,26.045,26.187,24.092,25.969,24.483,25.984,26.122,25.881,26.372,26.369,26.278,26.858,25.659,25.859,26.111,26.192,26.011,25.295,26.185,26.192,26.691,26.026,26.154,24.76,25.957,24.128,24.529,24.249,26.589,24.362,23.499,26.355,23.622,25.878,23.946,24.882,26.005,25.875,25.651,26.629,23.366,26.503,25.911,26.371,25.272,26.016,26.136,25.426,26.424,26.225,25.117,25.05,25.327,26.185,25.442,25.601,25.689,25.727,26.342,25.616,25.651,25.396,25.604,25.274,25.384,25.467,24.879,26.124,25.958,25.666,26.367,25.747,24.994,26.374,26.437,25.747,25.743,25.323,23.202,25.421,23.386,24.482,25.086,23.99,24.584,24.478,24.244,25.878,26.125,25.149,25.523,26.078,25.875,24.763,25.565,26.222,23.503,25.882,25.898,25.35,24.988,25.633,25.469,25.401,26.066,25.695,25.492,26.026,26.066,25.746,25.039,25.588,25.619,25.522,24.584,25.369,26.184,25.647,25.938,25.157,25.588,26.129,25.504,23.339,26.185
24.363,22.146,24.766,25.077,24.511,24.77,24.682,25.323,25.05,25.296,25.336,25.216,25.129,25.859,24.611,22.379,22.565,22.573,22.546,22.073,22.459,22.934,22.245,22.714,22.145,24.977,24.799,24.587,21.915,24.933,22.037,21.816,24.985,24.952,25.053,25.208,24.236,24.928,25.15,25.06,24.712,25.083,24.467,22.382,25.127,24.782,25.133,24.78,25.373,25.007,24.668,24.468,24.763,24.509,24.877,25.053,25.133,24.882,24.592,24.588,24.874,25.376,24.713,24.646,25.288,24.764,25.217,24.011,24.709,25.007,25.11,22.453,22.456,22.507,24.293,21.993,21.77,22.92,22.352,25.514,22.946,25.047,25.336,24.989,25.648,25.155,25.133,25.255,25.737,24.356,25.062,21.903,22.602,22.88,22.04,25.46,24.985,24.486,24.763,24.764,24.764,24.884,25.368,24.502,25.439,24.759,24.403,21.739,25.753,23.655,25.046,25.254,25.061,24.467,24.508,23.936,25.074,21.904,23.869,22.036,22.702,24.002,24.681,24.716,24.529,22.657,22.935,22.578,22.945,21.408,22.138,24.511,25.044,24.343,23.991,24.95,22.609,22.601,25.373,24.507,24.054,25.284,24.908,24.875,25.25,24.356,24.3,25.32,25.128,24.988,25.183,22.07,25.47,25.357,24.897,25.208,25.126,25.558,24.714,25.51,25.584,24.504,22.542,24.777,22.601,22.379,21.743,25.081,22.073,21.9,25.268,24.644,24.708,25.199,24.954,24.465,24.936,22.073,24.779,22.734,24.764,25.058,25.013,25.15,24.949,25.11,25.745,24.823,24.644,25.007,25.056,25.006,24.486,24.91,25.323,25.745,25.132,25.007,23.342,25.323,22.328,22.838,22.147,25.502,22.076,21.731,25.649,21.586,25.054,22.103,23.948,25.183,25.146,24.893,25.847,21.334,25.521,24.253,25.402,24.401,25.049,25.268,24.303,25.558,25.157,24.502,24.094,24.169,24.933,24.648,24.624,24.421,24.514,25.007,24.76,24.345,24.345,24.486,24.077,24.508,24.508,24.1,25.082,25.074,24.989,25.501,24.778,23.889,25.468,25.288,24.526,24.5,24.125,21.581,24.78,21.334,22.601,24.303,22.074,22.448,22.37,22.734,25.149,25.46,24.251,24.355,25.082,24.759,23.824,24.64,25.215,21.172,24.826,24.877,24.336,23.989,24.494,24.393,24.483,25.774,24.357,24.42,25.154,25.056,25.15,24.239,24.508,24.511,24.592,22.456,24.493,25.323,24.894,25.403,23.91,24.619,25.394,24.756,21.732,25.505
21.174,19.109,21.663,22.12,21.238,21.414,21.46,22.144,21.673,22.147,22.205,21.853,22.141,22.879,21.646,18.892,18.75,19.3,19.052,18.6,19.513,19.635,18.656,19.031,18.871,21.488,21.667,21.5,19.192,21.899,18.737,18.806,22.202,21.825,21.807,21.74,21.225,22.143,21.699,21.899,21.827,22.001,21.498,19.364,22.32,21.7,22.363,22.062,22.458,22.064,21.663,21.108,21.5,21.235,21.738,21.662,22.037,22.078,21.408,21.409,21.578,22.108,21.503,21.768,22.375,21.748,22.207,21.251,21.918,21.767,22.283,19.377,19.193,19.432,20.878,18.749,18.336,20.054,19.084,22.173,19.315,22.037,22.205,22.118,22.578,22.046,22.144,22.073,22.064,21.281,22.065,19.057,19.314,19.316,18.892,22.367,22.246,21.281,21.7,21.853,21.919,21.741,22.453,21.672,22.523,22.126,21.249,18.758,22.53,22.4,21.747,21.824,22.205,21.736,21.746,20.932,22.001,18.875,20.981,18.737,19.184,21.231,21.5,21.706,20.962,19.623,19.866,19.193,18.659,18.072,19.189,21.749,22.245,21.104,20.981,22.017,19.034,19.838,22.037,21.697,21.083,22.478,21.668,21.746,22.575,21.583,21.669,22.6,22.073,22.046,22.125,19.192,22.097,22.283,21.901,22.149,21.765,22.58,21.819,22.386,22.739,21.585,19.292,21.655,19.437,19.19,18.665,21.878,19.195,18.269,22.202,21.823,21.405,21.915,22.076,21.671,22.004,18.66,22.039,19.364,21.74,22.034,21.769,22.037,22.061,22.249,22.894,21.498,21.609,21.767,22.205,21.699,21.106,21.918,21.815,22.826,22.144,21.918,19.926,21.881,18.662,19.319,19.11,22.576,18.873,18.584,22.483,18.402,21.981,18.892,20.89,21.718,21.656,21.661,22.673,18.909,22.458,23.371,22.458,21.247,21.854,22.48,21.461,22.325,22.378,21.583,21.346,21.241,22.118,21.409,21.498,21.585,21.504,22.325,21.292,21.701,21.582,21.461,21.335,21.245,21.234,21.106,21.698,22.108,21.5,22.068,21.49,20.689,21.917,22.282,21.749,21.671,21.236,18.161,21.822,18.334,19.296,20.805,18.871,19.701,19.555,19.638,22.099,22.392,20.838,21.825,22.045,21.849,20.902,21.382,22.073,18.334,21.572,21.9,21.724,21.343,21.808,21.646,21.488,21.821,21.746,21.405,22.046,22.09,22.064,20.971,21.746,21.671,21.919,19.38,21.594,22.205,21.813,22.611,21.173,21.579,22.459,22.142,18.155,22.523
