22.114,21.915,20.779,22.096,22.136,20.901,20.839,20.936,21.744,21.915,21.877,22.07,22.141,20.796,22.07,22.034,22.136,22.38,22.202,20.898,22.033,22.096,20.891,20.607,21.764,21.693,21.692,21.7,21.497,21.998,21.994,21.697,21.608,21.697,21.761,22.034,21.604,21.731,21.874,20.335,21.918,21.581,21.812,20.485,22.245,21.082,21.662,20.898,22.241,22.245,22.202,22.096,21.167,22.037,22.245,22.07,22.042,22.202,21.824,21.67,21.914,22.001,22.114,21.762,22.389,21.821,22.389,20.933,22.118,21.849,22.034,21.815,20.686,22.07,21.997,21.896,22.034,20.607,22.043,21.878,21.696,21.896,20.832,21.981,22.279,21.149,22.096,22.042,22.141,22.144,22.024,21.915,21.802,21.802,20.731,20.731,22.034,20.804,20.8,20.886,22.038,22.054,18.884,19.102,18.809,20.731,19.074,19.19,18.085,21.696,21.735,22.141,20.524,21.896,20.645,21.868,22.06,21.744,21.811,22.043,20.976,22.033,20.831,20.686,20.925,22.104,20.933,21.657,21.896,21.272,20.803,22.205,22.248,22.034,20.637,20.499,21.834,21.736,20.788,21.731,21.663,20.332,20.719,21.735,20.898,22.07,21.811,20.835,21.233,22.249,20.886,22.07,20.98,20.886,22.034,20.731,20.898,21.693,21.735,22.205,20.779,22.245,20.886,21.29,22.033,20.839,21.878,21.731,21.812,21.745,20.694,22.03,21.7,21.735,21.608,21.664,21.736,22.052,21.696,20.697,20.506,21.735,20.889,20.898,21.878,21.849,22.202,20.607,20.803,22.037,20.886,22.07,22.043,20.98,21.664,21.915,21.501,21.847,21.811,22.384,22.034,22.245,22.114,20.531,22.205,22.202,20.933,20.791,20.839,21.807,22.07,21.611,19.085,17.52,18.805,21.815,20.506,22.097,20.647,21.893,20.731
24.506,24.356,23.345,24.496,24.222,23.26,23.175,23.348,24.481,24.481,24.35,24.34,24.617,23.077,24.46,24.507,24.476,24.754,24.286,23.345,24.35,24.587,23.271,23.034,24.287,24.091,24.24,24.253,24.112,24.292,24.046,24.112,24.211,24.004,24.207,24.095,24.207,23.812,24.107,23.005,24.484,24.359,24.205,23.384,24.21,23.203,24.2,23.175,24.502,24.481,24.287,24.243,23.447,24.3,24.413,24.413,24.662,24.481,24.464,24.252,24.481,24.214,24.506,24.092,24.745,24.677,24.582,23.598,24.51,24.161,24.356,24.5,23.27,24.466,24.506,24.205,24.506,23.332,24.249,24.356,24.286,24.507,23.167,24.49,24.481,23.257,24.542,24.676,24.481,24.484,24.497,24.481,24.196,24.168,23.034,23.196,24.34,23.285,23.199,23.451,24.476,24.227,21.715,21.875,21.655,22.835,21.328,21.495,20.064,24.205,24.409,24.228,23.271,24.161,23.278,24.341,24.465,24.243,24.506,24.481,23.199,24.33,23.229,23.41,23.384,24.497,23.392,24.049,24.243,23.384,23.237,24.665,24.586,24.161,23.23,22.881,23.924,24.086,23.179,23.93,24.223,23.088,23.32,24.152,23.034,24.249,24.244,23.178,23.382,24.354,23.345,24.582,23.203,23.345,24.413,23.385,23.385,24.046,24.292,24.591,23.034,24.542,23.034,23.385,24.161,23.091,24.583,23.812,24.162,24.341,23.084,24.202,24.354,23.934,24.206,24.091,24.112,24.04,24.298,23.199,23.366,24.206,23.499,22.947,24.243,24.496,24.205,23.196,23.285,24.247,23.034,24.351,24.254,23.175,24.224,24.582,24.253,24.001,24.506,24.5,24.642,24.297,24.177,23.345,24.401,24.397,23.345,23.202,23.175,24.476,24.414,23.99,21.495,20.53,21.194,24.209,23.196,23.84,22.831,24.158,23.034
25.08,24.888,23.844,24.906,25.107,23.816,23.655,23.852,24.906,24.929,25.044,25.251,24.985,23.648,25.08,25.08,25.075,25.079,24.985,23.908,25.007,24.948,23.93,23.599,24.874,24.889,24.659,24.749,24.907,24.775,24.828,24.926,24.874,24.822,24.639,24.874,24.889,24.663,24.775,23.516,24.896,24.863,25.003,23.93,24.948,23.99,25.124,23.849,25.12,24.906,24.985,25.129,24.003,25.259,25.107,24.888,25.106,24.831,24.933,24.877,25.319,25.154,25.151,24.757,25.146,25.147,25.107,23.99,25.011,25.071,25.053,24.891,23.93,24.831,25.08,25.004,25.129,23.82,25.107,25.107,24.93,25.058,23.641,24.857,25.111,24.114,25.129,25.057,25.319,25.132,24.92,24.93,25.035,25.102,23.704,23.82,25.107,23.705,23.934,23.938,25.142,25.13,23.172,23.279,23.279,23.843,23.053,23.232,22.028,24.925,24.993,24.755,23.338,24.779,23.82,24.75,24.873,25.151,25.044,24.985,24.049,25.07,23.842,23.859,24.045,24.864,23.741,24.888,25.044,23.812,24.052,25.11,25.047,25.107,23.89,23.566,24.844,24.879,23.614,24.673,24.775,23.652,23.484,24.789,23.599,24.888,25.137,23.864,23.816,25.011,23.673,25.124,24.053,24.053,25.08,24.053,23.908,24.776,25.111,25.061,24.098,24.874,23.938,24.097,25.106,23.908,24.706,24.828,24.779,24.746,23.85,24.828,24.783,24.93,24.832,24.752,24.746,24.879,24.663,23.726,23.814,24.874,23.911,23.82,25.111,24.774,25.044,23.599,23.908,24.933,24.053,25.004,25.058,24.053,24.704,24.892,24.681,24.829,25.057,25.061,24.76,25.057,25.151,23.82,25.061,24.985,23.849,23.819,23.819,25.076,24.745,24.778,23,21.738,23.248,24.891,23.386,24.832,23.993,24.703,23.82
24.759,24.779,23.673,24.874,24.92,23.651,23.573,23.505,24.677,24.873,24.779,24.583,24.774,23.843,24.822,24.755,24.902,24.759,24.948,23.648,24.754,24.617,23.338,23.522,24.351,24.207,24.394,24.402,24.482,24.543,24.478,24.482,24.76,24.482,24.539,24.497,24.503,24.477,24.503,23.451,24.51,24.51,24.755,23.534,24.831,23.573,24.902,23.503,24.657,24.892,24.583,24.745,23.84,24.763,24.622,24.779,24.929,25.044,24.763,24.665,24.873,24.758,24.745,24.225,24.754,24.779,24.888,23.867,24.758,24.662,24.76,24.665,23.534,24.706,24.779,24.662,25.044,23.599,24.706,24.706,24.622,24.706,23.61,24.728,24.778,23.573,24.887,24.859,24.759,24.777,24.864,24.618,24.697,24.77,23.674,23.741,24.779,23.542,23.595,23.704,24.774,24.69,24.234,24.153,23.814,23.704,23.974,24.159,23.024,24.496,24.812,24.583,23.444,24.822,23.365,24.745,24.859,24.76,24.874,24.888,23.519,24.652,23.565,23.696,23.533,24.608,23.573,24.707,24.779,23.565,23.648,24.933,24.863,24.745,23.385,23.251,24.491,24.534,23.5,24.579,24.503,23.415,23.333,24.573,23.418,24.588,24.633,23.67,23.538,24.758,23.573,24.859,23.541,23.722,24.874,23.655,23.598,24.659,24.888,24.777,23.849,24.874,23.617,23.704,24.887,23.496,24.779,24.477,24.414,24.42,23.503,24.539,24.485,24.755,24.779,24.504,24.414,24.513,24.677,23.348,23.451,24.466,23.525,23.573,24.745,24.642,24.662,23.617,23.655,24.621,23.573,24.677,24.677,23.496,24.463,24.874,24.592,24.504,24.706,24.928,24.86,24.706,24.874,23.704,24.709,24.754,23.741,23.819,23.522,24.774,24.497,24.546,23.985,22.887,23.899,24.51,23.346,24.583,23.658,24.353,23.522
24.292,24.178,23.196,24.481,24.409,23.518,23.345,23.544,24.506,24.642,24.506,24.507,24.496,23.168,24.35,24.507,24.502,24.706,24.481,23.451,24.676,24.286,23.358,23.005,24.244,24.347,24.152,24.296,24.249,24.398,24.415,24.228,24.244,24.298,24.353,24.156,24.045,24.201,24.201,22.895,24.209,24.295,24.522,23.384,24.481,23.655,24.476,23.451,24.672,24.522,24.481,24.522,23.512,24.591,24.759,24.465,24.48,24.522,24.422,24.586,24.642,24.51,24.46,23.932,24.677,24.465,24.465,23.284,24.484,24.496,24.35,24.464,23.27,24.351,24.522,24.461,24.506,23.516,24.874,24.507,24.542,24.356,23.277,24.443,24.706,23.418,24.34,24.542,24.706,24.422,24.346,24.351,24.613,24.513,23.182,23.182,24.466,23.346,23.493,23.237,24.538,24.646,24.393,24.295,24.247,23.345,24.193,24.121,23.228,24.618,24.696,24.123,23.338,24.34,23.119,24.667,24.355,24.582,24.622,24.481,23.389,24.769,23.591,23.337,23.565,24.696,23.541,24.662,24.507,23.641,23.722,24.748,24.709,24.506,23.378,23.168,24.491,24.342,23.193,24.202,24.202,23.002,22.993,24.347,23.175,24.481,24.497,23.342,23.274,24.464,23.196,24.481,23.345,23.392,24.542,23.418,23.522,24.251,24.667,24.5,23.516,24.254,23.365,23.522,24.774,23.503,24.156,24.415,24.341,24.162,23.366,24.107,24.126,24.398,24.481,24.158,24.461,24.24,24.111,23.178,23.392,24.292,23.177,23.345,24.46,24.507,24.677,23.345,23.091,24.586,23.649,24.507,24.466,23.332,23.984,24.506,24.296,24.348,24.356,24.763,24.34,24.582,24.46,23.203,24.626,24.706,23.365,23.175,23.598,24.658,24.466,24.231,24.354,22.579,24.116,24.247,23.034,24.356,23.094,24.251,23.278
24.049,24.049,22.851,24.177,24.084,22.853,22.828,22.971,24.122,24.205,24.094,23.986,24.094,22.933,23.934,23.846,24.173,24.243,24.21,22.968,24.21,23.986,22.88,22.767,23.816,23.61,23.812,23.541,23.738,23.846,23.812,23.57,23.816,23.894,23.716,23.816,23.734,23.901,23.697,22.947,23.867,24.092,24.003,22.843,23.939,22.888,24.106,23.069,24.084,24.111,23.934,24.094,23.087,24.214,23.94,24.003,24.243,23.905,23.867,24.164,23.934,24.159,24.111,23.567,24.21,24.227,24.227,23.033,23.943,23.893,24.049,24.075,23.111,24.287,24.088,24.211,24.243,22.737,23.986,24.161,24.049,24.049,23.062,24.094,24.088,22.968,24.286,24.506,24.205,24.164,24.341,24.243,24.234,23.977,22.947,22.737,24.111,22.737,22.847,22.939,24.239,23.918,23.796,23.903,23.903,22.88,23.632,23.814,22.474,23.81,24.101,23.987,22.73,23.934,22.969,24.062,24.243,24.178,24.286,24.003,22.577,23.854,22.76,22.872,23.061,24.112,23.069,23.986,24.049,22.82,23.175,23.896,24.075,24.003,22.706,22.844,24.056,23.71,22.833,23.86,23.936,22.456,22.663,23.836,22.737,24.072,24.079,23.115,22.832,24.075,22.895,24.122,22.651,22.85,24.049,22.888,23.034,23.642,24.227,24.092,22.828,24.122,22.969,23.033,24.111,22.828,24.072,23.982,23.816,23.645,22.768,23.806,23.99,23.846,23.934,23.509,23.817,23.884,23.846,22.74,22.828,23.786,22.898,22.828,24.111,24.094,24.248,22.888,23.034,24.181,23.119,23.893,23.94,22.737,23.931,24.297,23.655,23.567,24.026,23.908,24.089,24.088,24.297,22.836,24.159,24.248,22.895,23.175,22.85,24.044,23.905,24.053,23.446,22.384,23.664,24.214,22.581,24.049,22.607,23.496,22.675
24.049,23.816,22.604,23.816,23.841,22.838,22.88,22.582,23.719,23.934,23.737,23.816,23.816,22.605,23.986,23.816,23.9,23.815,23.718,22.835,23.933,23.737,22.476,22.572,23.719,23.534,23.806,23.704,23.67,23.651,23.378,23.512,23.57,23.719,23.534,23.798,23.806,23.566,23.591,22.484,23.648,23.648,23.537,22.541,23.797,22.651,23.859,22.828,23.811,23.845,23.719,23.905,22.648,23.849,23.644,23.845,23.669,23.669,23.943,23.937,23.815,23.648,23.893,23.49,23.986,23.845,23.594,22.835,23.867,23.816,23.816,23.867,22.88,23.986,23.893,23.614,23.905,22.58,23.67,23.701,23.845,23.7,22.76,23.846,23.893,22.572,23.7,24.088,23.785,23.819,23.924,23.651,23.93,23.604,22.895,22.459,23.846,22.459,22.569,22.713,23.781,23.987,23.321,23.535,23.497,22.524,23.329,23.38,22.028,23.651,23.836,23.846,22.452,23.595,22.836,23.604,23.785,23.816,23.816,23.798,22.733,23.635,22.887,22.82,22.842,23.806,22.675,23.595,23.905,22.872,22.835,23.819,23.896,23.81,22.476,22.565,23.554,23.642,22.711,23.647,23.566,22.711,22.536,23.585,22.249,23.81,23.806,22.764,22.733,23.896,22.651,23.719,22.58,22.736,23.845,22.888,22.675,23.515,23.893,23.813,22.737,23.816,22.85,22.674,24.049,22.737,23.645,23.443,23.5,23.57,22.145,23.641,23.451,23.493,23.864,23.379,23.738,23.586,23.651,22.486,22.548,23.798,22.89,22.88,23.614,23.67,23.986,22.895,22.85,23.598,22.58,23.816,23.846,22.459,23.592,23.845,23.386,23.509,23.94,23.673,23.863,23.845,23.934,22.376,23.937,23.904,22.736,22.483,22.835,23.9,23.645,23.789,23.232,22.144,23.109,23.617,22.652,23.701,22.583,23.667,22.385
23.065,23.115,22.1,23.115,23.025,22.076,22.073,22.004,23.254,22.891,23.001,22.891,23.199,21.874,23.192,23.087,23.166,23.446,23.199,22.073,23.28,23.281,21.76,21.748,22.885,22.76,22.729,22.895,22.764,22.936,22.729,22.825,22.943,22.71,22.873,23.066,22.729,22.828,23.062,21.853,23.09,23.083,23.03,22.057,23.341,21.825,23.187,22.037,23.173,23.274,23.199,22.824,21.607,23.069,22.935,23.192,23.065,23.001,23.09,22.895,22.964,23.119,23.254,22.574,23.281,23.171,23.341,22.037,23.174,22.965,23.08,23.175,22.093,23.414,23.274,23.001,22.935,21.739,22.884,23.087,23.03,23.178,22.137,23.049,23.065,22.1,23.178,23.177,23.087,23.236,22.874,23.171,23.189,22.822,21.919,21.825,23.08,22.038,21.897,22.038,22.842,22.815,22.548,22.933,22.845,21.581,22.588,22.478,21.195,22.648,23.189,22.733,21.732,23.087,22.065,22.992,23.233,23.066,23.281,23.066,21.696,23.105,21.874,22.241,22.039,23.077,21.919,22.847,22.847,22.066,22.073,23.257,23.257,22.943,21.874,21.574,22.529,22.816,21.745,22.961,22.706,21.668,21.688,22.815,22.074,22.943,22.926,21.896,21.998,23.004,22.001,23.171,21.739,22.144,23.199,21.825,22.144,22.597,22.763,23.202,22.037,23.087,21.67,21.748,23.079,21.768,23.281,22.828,22.847,23.066,21.612,23.175,23.005,22.892,22.877,22.645,22.885,22.823,23.066,21.614,21.768,23.03,22.076,21.768,22.965,23.171,22.935,21.9,22.001,22.968,21.611,23.116,23.001,21.853,22.94,23.171,22.737,22.822,23.171,22.835,23.199,23.192,23.171,21.853,23.174,23.079,21.9,22.1,21.815,23.194,23.066,22.85,22.731,21.499,22.383,23.083,21.582,22.825,21.584,22.888,21.7
22.52,22.48,21.116,22.202,22.376,21.293,21.333,21.151,22.576,22.279,22.372,21.998,22.544,20.973,22.322,22.245,22.564,22.576,22.202,21.29,22.38,22.568,20.926,21.204,22.246,22.138,22.276,22.249,21.915,22.373,22.066,22.043,22.28,22.07,21.912,22.097,22.137,22.276,22.198,20.98,22.483,22.283,22.07,21.283,22.447,21.291,22.451,21.237,22.54,22.322,22.202,22.202,21.167,22.45,22.389,22.455,22.14,22.372,22.118,22.283,22.576,22.283,22.389,21.875,22.38,22.279,22.245,21.247,22.376,22.202,22.305,22.611,21.336,22.52,22.576,22.455,22.608,20.98,22.373,22.245,22.447,22.381,21.337,22.693,22.033,21.104,22.389,22.568,22.372,22.603,22.445,22.202,22.591,22.313,21.334,21.082,22.48,20.887,21.33,21.344,22.376,22.356,22.435,22.478,22.379,20.933,22.467,22.095,20.97,22.141,22.312,22.203,21.164,22.28,20.933,22.236,22.372,22.141,22.279,22.202,21.341,22.363,21.229,21.283,21.325,22.362,20.98,22.246,22.381,21.399,21.29,22.571,22.392,22.202,21.164,20.891,22.054,22.193,21.201,22.137,22.093,20.977,21.225,22.193,21.204,22.48,22.236,21.403,21.456,22.458,21.171,22.279,20.98,21.344,22.479,21.333,21.104,22.031,22.202,22.458,21.082,22.372,21.116,21.5,22.479,21.291,22.034,22.137,21.998,22.097,20.84,22.03,22.001,22.203,22.141,22.112,22.203,21.989,22.061,21.24,21.082,22.097,21.293,20.98,22.034,22.305,22.245,21.082,21.171,22.249,20.839,22.28,22.115,21.344,22.094,22.372,21.901,22.04,22.389,22.325,22.372,22.568,22.389,21.248,22.579,22.576,21.171,21.115,21.171,22.241,22.141,22.118,22.371,21.17,22.196,22.376,21.116,22.202,21.107,22.031,21.105
21.821,22.141,20.731,21.735,22.065,20.794,20.933,21.206,22.114,21.896,21.877,22.141,22.141,20.832,22.114,22.141,21.74,22.114,22.245,20.839,21.82,22.141,20.891,20.506,21.497,21.732,21.76,21.815,21.697,21.497,21.663,22.043,22.034,21.578,21.663,21.696,21.76,21.741,21.892,20.898,21.748,22.073,21.896,20.972,22.034,20.791,21.691,20.839,22.029,22.034,22.043,22.07,20.835,21.852,22.141,22.034,21.811,22.034,22.1,21.611,21.997,22.001,22.096,21.664,22.069,21.764,22.069,20.933,22.046,21.735,21.896,22.037,20.831,22.043,21.997,22.043,21.997,20.531,21.812,22.141,22.043,22.141,20.879,22.053,22.279,21.236,22.033,22.201,22.141,22.037,21.887,21.998,21.735,21.726,20.645,20.898,21.764,20.98,20.727,20.839,21.74,21.981,22.076,22.303,22.139,20.531,21.903,22.041,20.83,22.043,21.886,21.764,20.498,21.735,20.505,21.811,21.821,21.896,21.821,22.07,20.895,21.886,20.926,20.831,20.636,22.104,20.98,21.812,21.915,20.771,20.886,22.099,21.815,22.034,20.524,20.499,21.651,21.687,20.528,21.493,21.337,20.691,20.493,21.812,20.839,21.696,21.811,20.976,20.895,21.918,20.98,21.896,20.839,20.898,21.915,20.644,20.979,21.732,21.696,21.881,20.531,22.114,20.803,20.979,22.069,20.803,21.915,21.692,21.897,21.916,20.645,21.817,22.038,21.735,21.745,21.761,21.765,21.488,22.043,20.495,20.645,21.735,20.609,20.644,21.745,21.998,21.915,20.887,20.933,21.748,20.531,21.735,21.764,20.803,21.693,22.043,21.46,21.693,22.07,21.899,22.097,22.06,21.811,20.694,21.881,21.821,20.933,20.979,20.779,22.241,21.998,21.748,22.095,20.693,22.028,21.853,20.804,21.497,20.444,21.742,20.887
22.114,21.696,20.335,21.496,21.816,20.901,20.607,20.533,21.744,21.763,21.744,21.577,21.744,20.368,21.744,21.577,22.11,21.763,21.666,20.779,21.997,21.744,20.524,20.645,21.33,21.493,21.604,21.407,21.497,21.497,21.76,21.234,21.497,21.878,21.574,21.486,21.604,21.808,21.493,20.506,21.581,21.5,21.607,20.832,21.821,20.492,22.029,20.898,21.873,21.666,21.667,21.997,20.895,21.824,21.657,21.764,21.997,21.696,21.918,22.037,21.744,21.748,21.496,21.484,21.607,21.607,21.696,20.839,21.699,22.07,21.877,21.67,20.637,21.496,21.997,21.696,21.997,20.506,21.896,21.577,21.696,21.745,20.433,21.804,21.607,20.803,21.734,21.744,21.577,21.899,21.988,21.745,22.105,21.802,20.887,20.731,21.745,20.335,20.603,20.492,21.993,21.747,22.014,21.733,22.139,20.839,22.031,21.913,20.97,21.577,21.886,21.497,20.328,21.821,20.505,21.802,21.849,21.811,21.849,21.735,20.332,21.754,20.498,20.219,20.878,21.811,20.607,21.764,21.696,20.879,20.531,21.88,21.748,21.607,20.328,20.22,21.806,21.648,20.691,21.574,21.741,20.438,20.519,21.802,20.493,21.849,22.087,20.727,20.69,21.815,20.505,22.07,20.531,20.644,21.666,20.505,20.321,21.4,22.069,21.748,20.839,21.577,20.607,20.803,21.744,20.694,21.667,21.692,21.456,21.487,20.335,21.741,21.344,21.764,21.497,21.327,21.608,21.447,21.287,20.378,20.506,21.456,20.338,20.531,21.764,21.607,21.744,20.505,20.839,21.611,20.505,21.821,21.696,20.493,21.109,21.744,21.345,21.241,21.896,21.738,21.667,21.577,21.744,20.607,21.824,22.033,20.531,20.44,20.779,21.691,21.146,21.611,22.041,20.334,21.89,21.67,20.506,21.897,20.534,21.164,20.441
21.896,21.577,20.694,22.141,21.73,20.982,20.839,20.533,22.114,21.877,21.821,22.043,21.877,20.486,22.043,22.202,22.029,21.896,21.914,20.839,22.14,21.607,20.498,20.645,21.497,21.808,21.493,21.581,22.07,21.667,21.604,21.85,21.735,21.812,21.732,21.667,21.604,21.874,21.846,20.531,21.853,21.699,22.034,20.686,21.896,20.979,22.136,20.73,22.056,22.034,21.915,22.202,20.895,21.899,21.696,21.896,22.069,21.915,21.699,21.9,22.114,22.001,21.735,21.494,21.744,21.896,21.849,20.779,21.738,21.896,21.821,21.853,20.972,21.896,22.034,21.735,21.764,20.98,22.07,21.85,22.07,22.114,20.686,21.861,22.033,20.898,21.696,21.763,21.849,22.001,21.754,21.998,22.131,21.812,20.694,20.98,21.667,20.506,20.641,20.979,21.816,21.795,22.05,21.809,21.733,20.898,21.654,21.743,20.77,21.998,22.06,21.735,20.261,21.667,20.335,21.887,22.096,22.141,21.666,21.896,20.727,21.868,20.926,20.771,20.89,22.06,20.731,21.998,22.034,20.89,20.979,22.037,21.899,21.997,20.879,20.434,21.881,21.687,20.788,21.741,21.874,20.503,20.827,21.598,20.887,21.667,21.84,20.895,20.489,21.899,20.607,21.849,20.505,20.839,21.744,20.779,20.73,21.818,22.114,21.881,20.779,21.667,20.779,20.73,22.033,20.531,21.577,21.741,21.812,21.657,20.84,21.731,21.748,21.812,21.821,21.664,21.745,21.395,21.696,20.782,20.779,21.878,20.696,20.98,21.998,21.745,21.997,20.375,20.731,22.073,20.98,21.696,21.667,20.731,21.274,21.896,21.334,21.483,21.896,22.073,21.696,21.877,21.997,20.898,21.748,22.06,20.886,20.779,20.531,22.029,21.341,21.748,21.485,20.267,21.729,21.5,20.531,21.897,20.782,21.197,20.506
22.034,21.812,20.531,22.034,21.993,20.901,20.694,20.647,21.744,21.696,21.666,21.696,21.821,20.486,21.496,21.657,22.029,21.997,21.877,20.492,21.695,21.764,20.891,20.839,21.822,21.604,21.741,21.581,21.404,21.487,21.326,21.697,21.821,21.745,21.493,21.486,21.76,21.817,21.692,20.531,21.67,21.918,21.735,20.599,21.896,20.375,21.74,20.803,22.029,21.764,21.878,21.577,20.835,21.815,22.034,21.896,21.666,21.696,21.699,21.9,21.811,21.9,21.896,21.494,21.696,22.034,21.849,20.839,21.748,21.997,21.667,21.824,20.523,21.745,21.997,21.745,21.811,20.887,21.667,21.667,21.849,21.745,20.879,21.795,21.896,20.979,22.042,21.997,21.656,21.748,21.487,21.812,21.686,21.487,20.322,20.898,21.915,20.645,20.895,20.531,22.038,21.861,21.383,21.819,21.743,20.694,21.654,21.495,20.521,21.812,21.868,21.822,20.6,21.696,20.694,21.568,21.877,21.696,21.877,21.764,20.895,21.686,20.796,20.637,20.795,21.686,20.375,21.896,21.764,20.925,20.606,21.61,22.037,21.764,20.433,20.499,21.796,21.477,20.502,21.493,21.663,20.528,20.429,21.755,20.645,21.667,21.905,20.641,20.836,21.824,20.803,21.666,20.607,20.694,21.821,20.531,20.694,21.284,21.896,21.66,20.531,21.696,20.644,20.693,21.914,20.644,21.878,21.604,21.497,21.487,20.531,21.452,21.581,21.735,21.696,21.338,21.487,21.726,21.497,20.534,20.531,21.667,20.982,20.933,21.998,21.812,22.07,20.607,20.731,21.49,20.803,21.85,21.915,20.791,21.338,21.821,21.237,21.338,22.07,21.748,21.657,21.896,21.997,20.335,22.037,21.849,20.335,20.839,20.839,21.759,21.696,21.825,21.694,20.226,21.227,21.767,20.531,21.821,20.647,21.493,20.531
21.896,21.496,20.531,21.577,21.451,20.782,20.335,20.533,21.577,21.915,21.696,21.735,21.811,20.434,21.607,21.486,22.056,21.763,21.811,20.607,21.82,21.496,20.6,20.779,21.277,21.452,21.604,21.407,21.497,21.497,21.693,21.667,21.277,21.497,21.761,21.578,21.808,21.692,21.731,20.186,21.5,21.49,21.745,20.433,21.821,20.335,22.029,20.73,21.74,21.607,21.812,21.696,20.883,21.824,21.744,21.496,22.069,21.666,21.881,22.037,21.821,22.037,21.744,21.401,21.496,21.607,21.666,20.492,21.5,21.744,21.849,21.407,20.498,21.696,21.997,21.878,22.034,20.335,21.657,21.486,21.915,21.607,20.367,21.747,21.896,20.803,21.821,21.734,21.666,21.61,21.657,21.821,21.686,21.687,20.506,20.644,21.667,20.531,20.727,20.531,21.74,21.805,21.977,21.285,21.733,20.492,21.809,21.762,20.83,21.696,21.686,21.277,20.524,21.849,20.839,21.686,21.744,21.811,21.455,21.607,20.332,21.905,20.686,20.498,20.925,21.657,20.644,21.745,21.896,20.599,20.492,21.747,21.918,21.811,20.498,20.524,21.562,21.687,20.169,21.818,21.846,20.332,20.682,21.487,20.441,21.821,22.06,20.527,20.527,22.046,20.493,21.666,20.803,20.321,21.496,20.531,20.44,21.654,22.034,21.67,20.886,21.287,20.531,20.839,21.666,20.898,21.403,21.76,21.578,21.341,20.335,21.604,21.67,21.764,21.667,21.241,21.234,21.488,21.341,20.271,20.227,21.667,20.377,20.531,21.764,21.735,21.849,20.268,20.839,21.67,20.731,21.341,21.667,20.493,21.453,21.696,21.105,21.274,21.496,21.881,21.696,21.744,21.763,20.531,21.58,22.14,20.44,20.505,20.694,21.492,21.486,21.49,21.82,19.958,21.661,21.611,20.186,21.85,20.508,21.742,20.531
21.2,21.233,20.186,21.696,21.325,20.174,20.335,20.533,21.486,21.34,21.577,21.167,21.34,20.165,21.33,21.577,21.491,21.34,21.455,20.531,21.496,21.666,20.052,19.959,21.101,21.197,21.197,21.333,21.168,21.404,20.972,21.288,21.287,21.341,20.891,21.33,20.926,21.283,21.164,20.506,21.5,21.247,21.34,20.327,21.666,20.171,21.492,20.267,21.492,21.276,21.145,21.329,20.182,21.489,21.455,21.666,21.1,21.101,21.459,21.344,21.666,21.343,21.496,20.974,21.496,21.403,21.577,20.607,21.247,21.607,21.112,21.5,20.327,21.577,21.744,21.244,21.233,20.441,21.101,21.34,21.244,21.33,20.498,21.59,21.455,20.267,21.496,21.496,21.496,21.499,21.476,21.496,21.267,21.331,20.172,20.227,21.486,20.227,20.223,20.227,21.492,21.26,21.435,21.664,21.274,20.335,21.391,21.285,20.258,21.233,21.102,21.287,20.052,21.276,19.87,21.394,21.496,21.496,21.34,21.496,20.332,21.476,20.523,20.433,20.497,21.32,20.531,21.607,21.496,20.367,20.374,21.58,21.67,21.34,20.22,19.952,21.097,20.967,20.332,20.891,21.23,20.224,20.323,21.267,20.074,21.403,21.102,20.264,20.182,21.279,20.268,21.167,20.073,20.059,21.329,20.059,20.531,20.891,21.496,21.458,20.059,21.33,20.375,20.226,21.696,20.073,21.145,21.097,21.244,21.277,19.841,20.972,21.248,20.976,20.976,21.109,21.079,21.321,20.976,19.843,20.059,21.168,20.062,19.958,21.33,21.167,21.244,20.335,20.505,21.344,20.268,21.244,21.112,20.073,21.198,21.329,20.804,21.098,21.244,21.236,21.486,21.403,21.329,20.186,21.279,21.329,20.227,20.335,20.073,21.492,21.341,21.248,21.339,20.185,21.106,21.333,20.227,21.244,20.062,20.973,20.335
21.764,21.486,20.172,21.849,21.662,20.337,20.492,20.337,21.244,21.666,21.666,21.496,21.167,20.052,21.34,21.696,21.759,21.403,21.496,20.531,21.811,21.486,20.433,20.227,20.976,21.4,21.452,21.344,21.341,21.079,21.4,21.341,21.486,21.234,21.284,21.101,21.574,21.482,21.493,20.186,21.407,21.29,21.486,20.523,21.666,20.531,21.74,20.44,21.662,21.696,21.403,21.2,20.331,21.67,21.496,21.244,21.763,21.233,21.611,21.407,21.243,21.5,21.34,21.11,21.329,21.455,21.34,20.44,21.489,21.496,21.696,21.171,20.327,21.403,21.496,21.486,21.244,20.531,21.496,21.244,21.666,21.233,20.599,21.59,21.496,20.73,21.496,21.695,21.329,21.767,21.568,21.276,21.331,21.477,20.186,20.493,21.287,20.059,20.528,20.268,21.573,21.271,21.715,21.484,21.694,20.227,21.723,21.655,20.326,21.496,21.33,21.487,20.524,21.496,20.335,21.487,21.243,21.233,21.696,21.145,20.264,21.647,20.178,20.498,20.497,21.445,20.268,21.607,21.455,20.26,20.505,21.489,21.58,21.821,20.368,20.328,21.651,21.488,19.882,21.493,21.493,20.332,20.323,21.477,19.929,21.607,21.476,20.331,20.502,21.343,20.375,21.496,20.059,20.227,21.496,20.375,20.185,21.23,21.496,21.343,20.375,21.455,20.268,20.185,21.666,20.335,21.33,21.24,21.112,21.497,19.959,21.493,21.116,21.201,21.244,21.284,20.977,21.092,21.456,20.508,19.885,21.079,20.338,20.059,21.496,21.33,21.496,20.074,20.531,21.149,20.375,21.341,21.486,20.322,20.892,21.496,20.98,20.973,21.486,21.247,21.276,21.496,21.666,20.531,21.489,21.734,20.505,20.492,20.335,21.451,21.276,21.291,21.606,20.171,21.095,21.237,20.06,21.287,20.338,21.337,20.172
21.744,22.097,20.645,21.696,21.845,20.901,20.492,20.982,21.666,22.034,21.696,21.696,21.811,20.498,21.915,21.735,21.891,22.069,21.734,20.607,21.914,21.821,20.6,20.506,21.667,21.493,21.493,21.581,21.745,21.764,21.493,21.667,21.667,21.697,21.483,21.764,21.663,21.663,22.057,20.531,22.001,22.144,22.07,20.523,21.849,21.082,21.873,20.886,22.029,21.915,21.878,22.034,20.603,22.037,21.735,22.043,21.997,22.141,21.815,21.767,21.696,22.037,21.821,21.274,22.042,21.997,21.896,20.644,21.824,21.764,21.821,21.67,20.485,21.896,21.997,21.577,21.696,20.335,21.896,22.034,21.915,21.667,20.328,21.747,21.896,20.791,21.821,22.042,21.997,21.738,21.802,21.696,22.024,21.657,20.441,20.803,21.745,20.375,20.895,20.803,21.691,21.68,21.791,21.913,21.694,20.644,21.732,21.665,20.326,21.745,22.06,21.697,20.687,21.607,20.493,21.811,22.202,21.849,21.696,21.997,20.8,21.84,20.831,20.723,20.795,21.886,20.803,21.455,21.878,20.972,20.839,22.073,21.738,21.696,20.498,20.524,21.481,21.736,20.728,21.574,21.893,20.49,20.595,21.687,20.531,21.745,21.657,20.502,20.603,21.458,20.886,21.896,20.441,20.644,21.735,20.335,20.335,21.327,21.821,22.1,20.607,21.896,20.694,20.644,21.744,20.898,21.496,21.846,21.667,21.497,20.506,21.731,21.7,21.456,21.667,21.273,21.578,21.569,21.404,20.508,20.607,21.745,20.842,20.607,21.696,21.878,21.763,20.731,20.644,21.881,20.531,21.667,21.696,20.731,21.23,21.821,21.491,21.274,21.915,21.853,21.821,21.577,21.696,20.531,21.918,21.744,20.898,20.73,20.607,21.73,21.735,21.581,21.762,20.334,21.806,21.853,20.375,21.821,20.61,21.493,20.531
22.034,22.114,20.98,22.07,22.092,20.982,20.803,21.173,22.07,22.069,21.915,21.849,21.997,20.724,21.896,21.764,21.74,22.033,22.14,21.115,22.14,22.372,20.687,20.839,22.203,21.874,22.111,22.001,21.915,22.034,21.818,21.667,22.141,21.85,21.693,21.897,21.846,21.692,21.874,20.887,22.073,22.144,22.034,20.637,22.069,20.839,22.065,20.779,22.3,22.202,22.141,22.034,20.8,22.037,22.141,22.141,22.202,22.245,22.144,21.881,22.245,21.738,22.141,21.733,22.372,21.896,22.033,20.886,22.001,21.877,21.735,22.064,20.796,21.915,21.744,21.812,21.849,20.441,21.812,22.07,22.096,21.667,20.686,22.185,22.033,21.115,22.042,22.38,22.033,22.205,21.887,22.043,21.725,22.034,20.731,20.779,21.821,20.98,21.112,20.933,21.807,22.054,21.801,22.139,21.694,20.779,21.723,21.762,20.721,22.043,22.024,21.822,20.784,21.998,20.531,22.033,22.322,21.744,22.141,21.997,20.976,22.131,21.283,20.795,20.686,21.868,20.779,21.896,21.696,20.795,20.779,22.392,22.283,22.202,20.879,20.524,21.748,21.812,20.604,21.741,21.574,20.691,20.493,22.132,20.531,21.735,21.905,20.835,20.8,22.037,20.933,22.141,20.839,20.898,22.279,20.898,21.171,21.604,21.696,22.205,20.694,22.245,20.839,20.839,22.069,20.644,21.915,21.493,21.697,21.897,20.531,22.093,21.7,21.608,21.915,21.494,21.916,21.658,21.878,20.936,20.898,22.043,20.696,20.898,21.657,22.141,22.114,20.803,20.979,21.67,20.779,21.696,21.578,21.116,21.484,22.245,21.661,21.664,22.141,22.046,21.878,22.069,22.061,20.933,22.073,21.734,20.886,20.898,20.933,22.136,22.034,21.815,21.81,20.838,21.449,22.1,20.731,21.497,20.378,21.742,20.645
21.577,21.455,20.227,21.486,21.816,20.495,20.335,20.337,21.811,21.896,21.486,21.821,21.455,20.328,21.812,21.496,21.572,21.744,21.696,20.375,21.811,21.403,20.368,20.335,21.341,21.273,21.164,21.333,21.487,21.244,21.483,21.578,21.497,21.487,21.493,21.608,21.692,21.283,21.451,20.506,21.5,21.344,21.821,20.498,21.496,20.335,21.399,20.531,21.492,21.496,21.667,21.666,20.489,21.61,21.696,21.329,21.914,21.455,21.489,21.748,21.666,21.407,21.666,21.165,21.496,21.764,21.811,20.492,21.815,21.744,21.496,21.489,20.26,21.696,21.607,21.496,21.696,20.227,21.577,21.403,21.666,21.486,20.328,21.479,21.607,20.492,21.696,21.695,21.735,21.499,21.487,21.667,21.686,21.331,20.335,20.172,21.34,20.268,20.603,20.505,21.807,21.68,21.646,21.494,21.733,20.531,21.391,21.606,20.684,21.577,21.486,21.341,20.261,21.764,20.335,21.267,21.607,21.607,21.811,21.744,20.264,21.735,20.523,20.723,20.523,21.567,20.172,21.607,21.577,20.26,20.374,21.767,21.458,21.696,20.433,20.179,21.325,21.488,20.438,21.493,21.483,20.372,20.519,21.331,20.335,21.33,21.657,20.502,20.727,21.67,20.531,21.486,20.644,20.335,21.455,20.322,20.375,21.142,21.486,21.499,20.335,21.577,20.531,20.44,21.734,20.531,21.657,21.493,21.578,21.201,20.375,21.337,21.5,21.497,21.244,21.338,21.404,21.278,21.578,20.338,20.335,21.578,20.338,20.505,21.696,21.696,21.696,20.694,20.227,21.67,20.644,21.578,21.497,20.322,21.241,21.744,20.899,21.23,21.735,21.66,21.403,21.696,21.696,20.441,21.489,21.696,20.505,20.779,20.531,21.573,21.201,21.611,21.495,20.073,21.49,21.344,20.074,21.404,20.271,21.098,20.506
21.696,21.287,20.268,21.34,21.73,20.377,20.492,20.901,21.496,21.496,21.657,21.403,21.607,19.922,21.696,21.403,21.691,21.695,21.666,20.644,21.811,21.577,20.328,20.493,21.244,21.337,21.493,21.291,21.244,21.287,21.273,21.33,21.33,21.657,21.197,21.456,21.663,21.326,21.493,20.375,21.67,21.459,21.812,20.327,21.496,20.375,21.603,20.505,21.662,21.496,21.486,21.666,20.264,21.748,21.849,21.496,21.695,21.607,21.699,21.581,21.877,21.5,21.577,21.098,21.276,21.735,21.734,20.375,21.344,21.577,21.455,21.5,20.523,21.496,21.896,21.233,21.577,20.506,21.486,21.496,21.577,21.577,20.367,21.479,21.403,20.791,21.607,21.82,21.696,21.67,21.277,21.496,21.331,21.687,20.059,20.505,21.496,20.335,20.528,20.505,21.691,21.47,22.05,21.742,21.743,20.375,21.809,21.743,20.83,21.607,21.597,21.404,20.524,21.812,20.375,21.487,21.696,21.496,21.496,21.607,20.318,21.598,20.327,20.26,20.771,21.686,20.268,21.455,21.486,20.327,20.492,21.61,21.406,21.696,20.328,20.499,21.314,21.395,19.955,21.493,21.273,20.224,20.493,21.446,20.335,21.577,21.686,20.318,20.264,21.5,20.172,21.696,20.335,20.335,21.735,20.268,20.505,21.337,21.696,21.738,20.073,21.667,20.185,20.505,21.811,20.694,21.696,21.4,21.497,21.456,20.335,21.482,21.459,21.456,21.667,21.401,21.404,21.332,21.745,20.271,20.493,21.404,20.901,20.227,21.287,21.496,21.696,20.227,20.268,21.5,20.172,21.497,21.277,20.493,21.098,21.403,20.98,21.327,21.455,21.489,21.496,21.486,21.486,20.335,21.699,21.34,20.375,20.531,20.505,21.691,21.276,21.171,21.576,20.334,21.729,21.459,19.959,21.497,20.338,21.23,20.186
21.666,21.667,20.322,21.666,21.399,20.508,20.335,20.609,21.821,22.069,21.849,21.744,21.403,20.498,21.233,21.821,21.807,21.695,21.696,20.226,21.486,21.696,20.485,20.335,21.667,21.693,21.197,21.171,21.497,21.456,21.604,21.341,21.497,21.697,21.493,21.341,21.692,21.574,21.663,20.731,21.853,21.344,21.496,20.433,21.577,20.731,21.74,20.644,21.73,21.486,21.696,21.455,20.835,21.852,21.696,21.764,21.811,21.811,21.738,21.699,21.763,21.67,21.696,21.242,21.486,21.744,21.496,20.779,21.581,21.849,21.607,21.5,20.637,21.745,21.496,21.696,21.666,20.375,21.745,21.167,21.811,21.812,20.498,21.795,21.821,20.693,21.763,21.734,21.486,21.67,21.657,21.764,21.568,21.487,20.531,20.803,21.455,20.059,20.836,20.335,21.816,21.64,22.182,21.733,21.733,20.694,22.031,22.041,20.597,21.696,21.802,21.456,20.179,21.735,20.694,21.568,21.849,22.043,21.577,21.496,20.489,21.445,20.327,20.327,20.795,21.839,20.335,21.496,21.696,20.367,20.886,21.699,21.499,21.667,20.524,20.328,21.471,21.488,20.332,21.4,21.604,20.332,20.632,21.487,20.531,21.696,21.905,20.69,20.437,21.767,20.185,21.735,20.531,20.531,21.811,20.886,20.607,21.273,21.656,21.699,20.731,21.486,20.644,20.886,21.763,20.335,21.287,21.692,21.33,21.497,20.531,21.273,21.5,21.735,21.578,21.165,21.697,21.268,21.667,20.508,20.335,21.33,20.508,20.441,21.667,21.821,21.821,20.059,20.335,21.738,20.644,21.276,21.578,20.335,21.143,21.696,20.899,21.198,21.496,21.699,21.496,21.696,21.666,20.731,21.67,21.914,20.73,20.694,20.644,21.691,21.486,21.5,21.694,20.44,22.064,21.5,20.186,21.696,20.338,21.273,20.441
22.141,22.114,20.898,22.202,22.3,20.841,21.116,21.107,22.38,22.202,22.372,22.043,22.07,20.891,22.114,22.381,22.197,22.479,22.455,21.115,22.321,22.202,20.784,20.933,21.822,22.138,22.03,22.038,22.034,22.115,22.137,22.034,21.878,22.043,21.741,22.097,22.039,22.03,22.242,20.98,22.325,22.144,22.141,20.972,22.245,20.979,22.241,20.979,22.065,22.202,22.061,22.245,21.233,22.073,22.455,22.202,22.279,22.141,22.037,22.1,22.114,22.073,22.034,21.733,22.305,22.141,22.202,20.886,22.376,22.07,22.372,22.144,21.399,22.043,22.034,22.202,22.096,20.731,21.998,22.034,22.372,21.896,20.879,22.228,22.202,21.236,22.38,22.201,22.372,22.046,22.236,21.998,21.887,22.025,20.98,20.779,22.245,20.531,20.895,20.933,22.11,22.027,22.05,22.094,22.453,21.344,22.084,22.068,21.095,22.034,22.235,22.115,20.832,22.07,20.839,21.905,22.322,22.202,22.245,22.322,20.727,22.236,21.097,21.336,21.096,22.235,21.204,21.896,22.114,21.097,21.204,22.046,22.375,22.141,21.075,20.891,22.054,22.025,20.604,21.994,22.066,20.895,21.192,22.061,20.839,22.097,22.033,21.145,21.168,22.205,20.98,22.322,20.98,20.979,22.372,20.979,20.839,21.846,22.38,22.037,20.839,22.043,20.839,21.333,22.245,20.779,22.097,22.137,22.141,22.097,20.98,21.874,22.206,22.141,22.203,21.732,22.071,22.194,22.141,21.107,20.898,22.043,21.174,21.204,21.915,22.141,22.114,20.98,20.933,22.064,20.644,22.141,22.034,20.839,21.875,22.372,21.612,21.453,22.07,22.073,22.141,22.455,22.245,20.839,22.392,22.202,21.115,21.247,21.082,22.11,22.07,22.074,22.201,20.979,22.196,22.064,20.887,22.141,20.697,22.031,20.887
22.884,22.671,21.5,22.891,22.827,21.884,21.918,21.663,22.884,22.846,23.001,22.891,22.709,21.761,22.824,22.847,23.061,22.942,22.709,21.815,23.065,23.001,21.663,21.768,22.577,22.597,22.729,22.851,22.832,22.825,22.76,22.832,22.884,22.448,22.73,22.884,22.813,22.843,22.843,21.816,22.835,23.069,22.884,21.692,22.884,21.815,22.879,21.459,22.759,23.001,22.884,22.824,21.496,22.736,22.71,22.847,22.964,23.066,22.88,22.736,22.883,22.713,22.891,22.32,22.876,22.71,22.943,21.7,22.887,22.876,22.576,22.887,21.911,22.576,22.824,22.648,22.455,21.49,22.671,22.817,22.847,22.891,21.493,23.07,22.816,21.748,22.935,22.846,22.831,22.968,22.837,22.52,22.992,22.47,21.581,21.5,22.576,21.611,21.745,21.748,22.812,22.747,22.352,22.882,22.708,21.661,22.588,22.478,21.271,22.847,22.754,22.648,21.663,22.936,21.671,23.07,22.732,22.647,22.647,22.733,21.745,22.807,21.76,21.845,21.74,22.814,21.581,22.847,22.832,21.76,22.1,23.174,22.887,22.884,21.493,21.574,22.718,22.471,21.608,22.573,22.565,21.497,21.736,22.867,21.671,22.943,22.807,21.85,21.735,22.887,21.768,22.71,21.739,21.7,22.876,21.815,21.881,22.369,22.763,22.85,21.739,22.817,21.5,21.881,22.935,21.825,22.764,22.729,22.877,22.71,21.501,22.573,22.767,22.764,22.832,22.199,22.48,22.883,22.936,21.703,21.611,22.609,21.614,21.748,22.71,22.832,22.846,21.581,21.748,22.736,21.748,22.545,22.824,21.881,22.453,22.6,22.581,22.243,22.876,22.88,22.764,23.03,22.884,21.611,22.674,23.079,21.7,21.738,21.748,22.842,22.832,22.737,22.454,21.58,22.239,22.604,21.854,22.733,21.584,22.37,21.49
23.274,23.254,22.376,23.341,23.665,22.076,22.483,22.395,23.499,23.274,23.414,23.274,23.518,21.732,23.388,23.274,23.377,23.569,23.718,22.524,23.537,23.537,22.318,22.118,23.5,23.112,23.566,23.345,23.2,23.199,23.076,23.234,23.447,23.193,23.077,23.382,23.338,23.062,23.358,22.376,23.541,23.648,23.233,22.137,23.669,22.283,23.357,22.249,23.59,23.361,23.254,23.274,22.097,23.541,23.254,23.274,23.381,23.613,23.202,23.331,23.65,23.385,23.341,22.882,23.569,23.199,23.569,22.206,23.345,23.087,23.388,23.598,22.451,23.342,23.341,23.066,23.192,22.145,22.965,23.199,23.341,23.537,22.276,23.482,23.341,22.118,23.669,23.511,23.569,23.417,23.182,23.066,22.874,23.19,22.118,22.249,23.171,22.145,22.381,22.206,23.167,23.217,22.5,23.169,23.085,21.853,22.834,22.822,21.69,23.362,23.332,23.116,22.302,23.274,22.206,23.528,23.518,23.192,23.233,23.178,22.115,23.189,22.377,22.443,22.376,23.483,22.145,23.199,23.341,22.368,22.037,23.597,23.202,23.388,22.369,22.04,23.163,22.875,22.071,23.062,22.998,22.035,21.989,23.56,22.309,23.342,22.867,22.141,22.202,23.284,22.249,23.281,22.038,22.376,23.512,22.249,22.376,22.829,23.233,23.365,22.037,23.361,22.001,22.325,23.171,22.249,23.493,23.195,23.179,23.382,21.501,23.195,23.258,23.066,23.087,22.962,22.817,23.406,23.388,21.903,22.074,23.389,22.147,22.249,23.178,23.087,23.199,22.047,22.037,23.119,22.001,23.171,22.884,22.309,22.874,23.537,22.737,22.844,23.328,23.385,23.192,23.518,23.518,22.074,23.345,23.447,22.249,22.612,22.118,23.337,23.538,23.332,22.882,21.918,22.841,23.345,22.101,22.965,21.751,23.077,22.101
23.115,23.274,22.074,23.341,23.64,22.004,22.483,22.311,23.254,23.171,23.254,23.178,23.274,22.138,23.254,23.171,23.337,23.492,23.341,22.393,23.341,23.341,22.242,22.065,23.172,23.189,23.188,23.345,23.2,23.116,23.168,23.031,23.362,23.172,22.888,23.388,22.843,22.961,23.167,21.919,23.069,23.278,23.281,22.276,23.192,22.249,23.111,22.073,23.514,23.087,23.281,23.254,22.043,23.277,23.281,23.254,23.511,23.281,23.083,23.345,23.341,23.277,23.414,22.37,23.281,23.274,23.274,22.1,23.119,23.199,23.233,23.202,22.368,22.936,23.115,23.087,22.884,22.002,23.274,23.087,23.199,23.001,21.911,23.216,23.328,22.376,23.341,23.177,23.341,23.284,22.991,23.115,23.077,23.19,21.671,21.739,23.362,21.854,21.998,22.283,23.187,23.155,23.01,22.941,23.028,22.145,22.872,22.941,21.815,23.171,23.223,23.199,22.199,23.342,22.1,23.265,23.414,23.087,23.199,23.341,22.322,23.077,21.994,22.03,21.892,23.371,22.249,23.178,23.233,22.137,22.325,23.515,23.345,23.341,22.039,21.809,23.373,22.883,21.736,23.175,22.821,22.071,21.803,23.483,22.047,23.362,23.077,22.141,22.141,23.345,22.074,22.935,22.118,22.037,23.512,22.145,22.376,22.821,23.274,23.083,22.206,23.447,22.038,22.118,23.361,22.001,23.178,23.062,23.031,22.944,22.047,23.175,23.084,23.002,23.03,23.063,23.002,22.993,23.087,21.856,22.047,23.234,22.049,22.065,23.199,23.342,23.381,21.815,22.1,22.968,21.748,23.199,23.172,21.881,22.606,23.341,22.829,22.874,23.03,23.174,23.233,23.341,23.065,22.047,23.284,23.171,22.037,22.249,22.144,23.276,23.388,23.196,22.83,21.61,22.826,23.069,21.816,23.172,21.903,22.998,22.002
23.192,23.569,22.484,23.651,23.533,22.575,22.459,22.716,23.81,23.594,23.381,23.67,23.719,22.04,23.328,23.381,23.337,23.736,23.669,22.459,23.7,23.651,22.452,22.118,23.448,22.998,23.325,23.451,23.382,23.172,23.411,23.57,23.67,23.275,23.027,23.519,23.384,23.495,23.23,22.612,23.648,23.541,23.342,22.565,23.569,22.309,23.507,22.249,23.609,23.537,23.414,23.569,22.373,23.541,23.669,23.81,23.569,23.645,23.496,23.573,23.492,23.515,23.537,22.844,23.594,23.447,23.518,22.483,23.385,23.569,23.645,23.617,22.443,23.512,23.341,23.362,23.499,22.249,23.199,23.538,23.414,23.518,22.369,23.769,23.785,22.458,23.644,23.644,23.381,23.648,23.509,23.342,23.182,23.332,22.284,22.1,23.281,22.326,22.07,22.065,23.377,23.155,23.067,23.535,23.34,22.283,23.068,23.064,21.992,23.569,23.502,23.538,22.276,23.493,22.484,23.641,23.939,23.447,23.447,23.569,22.246,23.528,22.476,22.828,22.451,23.489,22.206,23.274,23.281,22.198,22.458,23.74,23.598,23.361,22.276,22.138,22.949,23.266,22.569,23.496,23.271,22.39,22.237,23.405,22.249,23.171,23.056,22.6,22.569,23.45,22.393,23.512,22.459,22.651,23.594,22.249,22.483,23.168,23.381,23.541,22.206,23.737,22.206,22.458,23.613,22.1,23.701,23.25,23.342,23.538,21.816,23.411,23.175,23.234,23.234,22.998,23.342,23.183,23.493,22.076,22.284,23.234,22.328,22.249,23.328,23.569,23.381,22.484,22.58,23.515,21.853,23.328,23.275,22.483,22.962,23.815,23.006,22.844,23.737,23.521,23.737,23.569,23.569,22.376,23.654,23.511,22.572,22.604,22.384,23.565,23.719,23.418,23.114,22.073,23.227,23.704,22.385,23.199,21.922,23.063,22.249
23.341,23.199,21.7,23.087,23.337,22.04,22.145,22.208,23.361,23.341,23.645,23.199,23.381,22.067,23.171,23.341,23.507,23.518,23.192,22.309,23.361,23.274,22.276,22.249,22.944,23.175,23.188,23.091,23.116,23.199,23.195,23.362,22.884,23.172,23.23,23.002,23.175,23.175,23.195,21.853,23.345,23.005,23.381,22.301,23.447,22.046,23.565,22.073,23.166,23.388,23.066,23.254,22.373,23.572,23.361,23.192,23.537,23.115,23.598,23.573,23.414,23.418,23.171,22.574,23.341,23.381,23.388,21.853,23.496,23.613,23.328,23.181,22.276,22.936,23.281,23.274,23.254,21.768,23.281,23.171,23.192,23.171,22.242,23.311,23.341,22.376,23.341,23.569,23.381,23.598,23.07,23.001,23.489,23.245,21.882,22.1,23.281,21.919,22.097,22.206,23.565,23.155,22.743,22.574,22.445,22.524,22.804,22.575,21.661,23.518,23.437,22.733,22.067,23.281,22.206,23.372,23.253,23.341,23.341,23.361,21.998,23.264,22.093,22.198,22.198,23.168,22.074,23.254,23.341,22.301,22.392,23.495,23.174,23.281,22.093,22.386,23.554,23.163,22.035,23.062,23.188,22.035,22.062,23.162,21.816,23.518,23.528,22.381,22.28,23.573,21.768,23.254,22.249,22.073,23.253,22.145,22.037,23.063,23.537,23.236,22.483,23.233,22.145,22.392,23.281,22.145,23.382,23.566,23.031,23.002,22.145,23.026,22.836,23.389,22.936,22.881,22.966,23.078,23.281,22.076,22.074,23.172,22.208,22.145,23.493,23.001,23.492,21.739,22.249,23.418,22.58,23.192,23.172,21.9,22.387,23.192,22.714,22.761,23.171,23.391,22.884,23.341,23.192,22.074,23.331,23.613,22.001,22.144,22.58,23.383,23.342,23.182,22.762,21.333,22.539,23.237,21.825,23.342,22.379,22.844,22.074
23.537,23.281,22.326,23.361,23.533,22.379,22.037,22.453,23.512,23.594,23.737,23.493,23.651,22.031,23.361,23.499,23.564,23.414,23.569,22.376,23.718,23.669,22.03,22.326,23.2,23.077,23.168,23.332,23.362,23.275,23.189,23.275,23.066,23.172,23.278,23.066,23.338,23.591,23.277,22.118,23.541,23.392,23.342,22.451,23.492,22.249,23.533,22.376,23.269,23.499,23.328,23.492,22.455,23.384,23.328,23.388,23.669,23.341,23.09,23.598,23.537,23.345,23.341,22.645,23.361,23.341,23.447,22.249,23.391,23.595,23.537,23.345,22.03,23.414,23.178,23.415,23.569,22.385,23.414,23.281,23.594,23.512,22.517,23.521,23.518,22.483,23.644,23.537,23.361,23.384,23.502,23.518,23.271,23.332,22.385,22.206,23.342,22.038,22.202,22.118,23.64,23.496,22.014,21.733,21.743,22.393,21.799,21.762,20.635,23.569,23.559,23.362,22.093,23.569,22.249,23.319,23.845,23.816,23.447,23.274,22.48,23.271,22.137,22.276,22.275,23.69,22.1,23.328,23.537,22.451,22.483,23.722,23.598,23.178,22.369,22.452,23.366,23.406,22.323,23.566,23.25,22.246,22.381,23.224,22.145,23.613,23.604,22.455,22.097,23.385,22.145,23.594,22.145,22.483,23.388,22.459,22.073,23.112,23.7,23.673,22.376,23.512,22.58,22.674,23.511,22.283,23.447,23.443,23.342,23.066,22.119,23.168,23.203,23.254,23.388,23.063,23.116,23.353,23.199,22.148,22.206,23.066,22.004,22.326,23.414,23.512,23.388,22.385,22.047,23.573,22.385,23.171,23.08,22.038,22.73,23.537,22.969,22.874,23.569,23.541,23.569,23.613,23.499,22.145,23.365,23.511,22.459,22.459,22.384,23.646,23.171,23.617,21.606,20.334,21.758,23.522,22.326,23.199,22.041,22.881,22.249
22.647,22.648,21.171,22.6,22.827,21.583,21.5,21.336,22.479,22.647,22.479,22.568,22.6,21.4,22.568,22.576,22.515,22.942,22.964,21.824,22.67,22.52,21.692,21.768,22.456,22.597,22.517,22.58,22.39,22.733,22.565,22.203,22.764,22.203,22.242,22.71,22.242,22.706,22.644,21.334,22.384,22.384,22.671,21.482,22.876,21.5,22.643,21.67,22.595,22.647,22.764,22.544,21.812,22.674,22.568,22.372,22.647,22.455,22.611,22.392,22.824,22.767,22.733,21.995,22.763,22.479,22.846,21.237,22.603,22.544,22.6,22.736,21.482,22.372,22.647,22.577,22.455,21.344,22.48,22.455,22.576,22.568,21.653,22.716,22.884,21.699,22.455,22.6,22.876,22.767,22.535,22.48,22.511,22.822,21.116,21.407,22.764,21.204,21.404,21.344,22.604,22.717,19.846,20.262,20.053,21.581,20.169,20.221,19.098,22.576,22.837,22.323,21.327,22.832,21.344,22.822,22.576,22.6,22.455,22.52,21.696,22.814,21.399,21.653,21.892,22.558,21.748,22.671,22.608,21.663,21.611,22.894,22.713,22.647,21.663,21.452,22.44,22.724,21.497,22.369,22.667,21.497,21.395,22.992,21.28,22.733,22.822,21.821,21.608,22.674,21.5,22.576,21.459,21.748,22.576,21.333,21.767,22.573,22.935,22.651,21.5,22.455,21.5,21.767,22.763,21.611,22.545,22.76,22.456,22.203,21.49,22.318,22.249,22.609,22.246,22.243,22.609,22.592,22.48,21.347,21.204,22.545,21.751,21.7,22.847,22.764,22.943,21.581,21.581,22.524,21.739,22.48,22.545,21.344,22.2,22.455,22.31,22.277,22.733,22.85,22.671,22.824,22.846,21.5,22.88,22.824,21.7,21.28,21.611,22.666,22.569,22.651,19.88,18.87,19.919,22.459,21.237,22.825,21.503,22.477,21.5
19.866,19.955,18.66,19.699,19.585,18.892,18.908,18.911,20.181,19.954,19.836,19.821,19.866,18.132,19.637,19.445,19.95,20.055,19.821,18.269,20.069,19.954,18.731,18.738,19.882,19.863,19.833,19.449,19.591,19.559,19.359,19.955,19.51,19.638,19.818,19.363,19.818,19.922,19.441,18.815,19.825,19.825,19.925,18.863,19.59,18.479,20.177,18.66,19.695,19.558,19.59,19.821,18.656,20.226,19.821,19.699,20.055,19.637,19.513,19.825,19.836,19.929,19.445,19.03,19.362,20.055,19.51,18.738,19.87,19.821,20.055,19.561,18.593,19.558,20.181,19.445,19.59,18.66,19.7,19.821,19.836,19.821,18.75,19.682,19.954,18.814,19.925,20.055,19.59,19.824,20.046,19.881,19.871,19.69,18.89,18.908,19.836,18.48,18.811,18.479,20.163,19.865,17.233,16.854,17.057,19.09,17.241,17.359,15.889,19.836,19.826,19.445,18.808,20.055,18.89,19.827,19.836,19.59,19.925,19.881,18.811,19.827,18.807,18.749,19.028,19.826,18.757,19.637,19.836,18.652,19.036,20.226,19.928,19.699,18.594,19.048,19.622,19.813,18.657,19.922,19.922,18.477,18.745,20.046,18.815,19.699,20.046,18.734,18.597,19.513,18.66,20.168,18.738,18.757,19.881,18.908,18.397,19.442,20.331,19.958,19.108,19.445,18.601,18.738,19.836,18.48,19.7,19.922,19.882,19.363,18.397,19.803,19.641,19.807,19.926,19.507,19.511,19.55,19.867,18.741,18.094,19.379,18.76,18.601,19.881,19.925,19.866,18.738,18.738,19.885,18.334,19.822,19.822,18.738,18.902,19.821,19.449,19.555,20.055,20.171,19.637,19.954,19.836,18.48,19.869,19.836,18.814,18.757,18.908,19.921,19.637,20.059,16.794,15.86,17.511,19.84,18.738,19.822,18.817,19.555,18.66
